applicant_id,gender,age_group,consent_given,traditional_score,monthly_income_inr,debt_to_income_ratio,num_existing_loans,utility_pay_punctuality,ecommerce_monthly_spend,mobile_wallet_tx_freq,gig_income_stability_index,digital_footprint_consistency,default_flag
APP_1000,Male,Under_25,True,735.0,26591.91,0.05,3,0.923,6453.67,40,0.725,0.905,0
APP_1001,Female,25_50,True,699.0,29597.8,0.26,1,0.956,6389.01,33,0.658,0.618,0
APP_1002,Female,Over_50,True,705.0,46957.11,0.288,1,0.704,4881.32,65,0.617,0.641,0
APP_1003,Female,25_50,True,541.0,38036.21,0.209,1,0.854,5745.71,17,0.675,0.559,0
APP_1004,Male,25_50,True,747.0,25430.72,0.185,1,0.792,6205.92,25,0.454,0.891,0
APP_1005,Male,25_50,True,671.0,32880.04,0.072,2,0.883,9481.18,102,0.693,0.919,0
APP_1006,Male,25_50,True,620.0,38068.64,0.348,0,0.705,2654.78,26,0.728,0.889,0
APP_1007,Female,25_50,True,661.0,15000.0,0.05,0,0.855,2758.26,31,0.696,0.681,0
APP_1008,Female,Under_25,True,508.0,47805.73,0.271,1,0.597,6125.38,45,0.337,0.604,0
APP_1009,Female,25_50,True,683.0,20174.35,0.206,1,0.778,2145.51,33,0.612,0.74,0
APP_1010,Male,Under_25,True,568.0,18178.6,0.235,1,0.759,3207.66,30,0.729,0.759,0
APP_1011,Female,Over_50,True,542.0,15000.0,0.37,1,0.686,3022.84,32,0.475,0.492,0
APP_1012,Female,Over_50,True,528.0,15000.0,0.207,3,0.713,786.65,38,0.645,0.758,0
APP_1013,Male,Under_25,True,739.0,16102.53,0.332,2,0.828,3945.95,52,0.418,0.93,0
APP_1014,Male,25_50,True,600.0,23732.19,0.244,2,0.781,6051.01,44,0.829,0.6,0
APP_1015,Male,Over_50,True,773.0,117237.31,0.183,0,0.894,34160.34,29,0.511,0.98,0
APP_1016,Male,Under_25,True,607.0,26488.67,0.265,0,0.9,2520.69,81,0.5,0.865,0
APP_1017,Female,25_50,True,513.0,40402.63,0.371,2,0.587,8025.5,42,0.469,0.822,0
APP_1018,Male,Over_50,True,561.0,46179.39,0.339,0,0.924,7234.29,30,0.422,0.908,0
APP_1019,Male,Under_25,True,749.0,39286.61,0.05,2,0.946,5252.89,47,0.736,0.911,0
APP_1020,Female,25_50,False,638.0,34666.67,0.37,3,0.918,6635.49,26,0.636,0.896,0
APP_1021,Male,25_50,True,606.0,17726.64,0.309,3,0.579,4353.59,46,0.892,0.933,0
APP_1022,Male,Over_50,False,663.0,86730.12,0.05,1,0.666,4836.35,45,0.542,0.656,0
APP_1023,Male,Over_50,True,690.0,107400.27,0.408,2,0.917,31398.47,42,0.312,0.653,0
APP_1024,Male,Over_50,True,739.0,15000.0,0.287,1,0.687,3787.06,63,0.784,0.824,0
APP_1025,Female,25_50,True,766.0,19645.09,0.627,3,0.592,4671.38,75,0.515,0.663,0
APP_1026,Male,Over_50,True,621.0,30702.94,0.13,2,0.921,7371.68,67,0.548,0.902,0
APP_1027,Female,25_50,False,544.0,20358.98,0.368,1,0.734,2998.17,29,0.794,0.809,0
APP_1028,Female,25_50,True,617.0,49196.58,0.207,2,0.747,11704.12,25,0.733,0.857,0
APP_1029,Male,25_50,True,671.0,23459.64,0.502,0,0.658,3441.35,39,0.838,0.897,0
APP_1030,Female,Under_25,True,573.0,133123.65,0.257,1,0.962,36565.96,54,0.376,0.945,0
APP_1031,Male,25_50,True,573.0,74185.88,0.604,0,0.702,6996.14,31,0.881,0.843,0
APP_1032,Male,Under_25,True,678.0,41255.69,0.078,0,0.706,5078.03,48,0.354,0.803,0
APP_1033,Female,Under_25,False,646.0,67251.31,0.296,2,0.805,12632.11,59,0.751,0.832,0
APP_1034,Female,Under_25,True,653.0,70512.15,0.368,3,0.791,9152.67,39,0.392,0.925,0
APP_1035,Female,25_50,True,589.0,25890.5,0.393,2,0.86,4040.45,24,0.698,0.866,0
APP_1036,Male,25_50,True,632.0,22253.84,0.529,2,0.729,3852.27,50,0.484,0.442,0
APP_1037,Male,25_50,True,576.0,38058.73,0.31,0,0.424,10050.87,86,0.577,0.904,0
APP_1038,Female,Under_25,True,721.0,60899.59,0.057,1,0.829,11010.53,83,0.744,0.674,0
APP_1039,Male,25_50,True,733.0,39475.53,0.156,0,0.934,5550.85,19,0.726,0.945,0
APP_1040,Male,25_50,True,502.0,15000.0,0.095,1,0.978,1679.01,80,0.789,0.808,0
APP_1041,Female,25_50,True,576.0,22433.38,0.659,3,0.793,3413.66,58,0.413,0.797,0
APP_1042,Male,25_50,True,530.0,34738.93,0.235,1,0.958,6215.98,81,0.654,0.817,0
APP_1043,Female,25_50,True,598.0,34703.67,0.202,0,0.755,8208.41,32,0.592,0.926,0
APP_1044,Male,Over_50,True,643.0,118601.61,0.341,1,0.884,9519.23,28,0.584,0.829,0
APP_1045,Female,25_50,True,534.0,15810.15,0.371,0,0.906,1666.43,43,0.682,0.841,0
APP_1046,Male,Under_25,True,576.0,49185.47,0.258,0,0.847,7127.64,27,0.422,0.995,0
APP_1047,Female,Under_25,True,570.0,88740.16,0.328,1,0.669,12432.46,45,0.45,0.909,0
APP_1048,Female,Over_50,True,667.0,141898.86,0.42,0,0.546,20992.1,38,0.389,0.644,0
APP_1049,Male,Under_25,True,656.0,28491.51,0.131,2,0.828,7076.73,38,0.652,0.855,0
APP_1050,Female,Over_50,True,592.0,48769.37,0.328,0,0.702,6390.67,26,0.734,0.806,0
APP_1051,Female,25_50,True,664.0,51116.17,0.309,4,0.818,8969.59,39,0.651,0.793,0
APP_1052,Female,Over_50,True,606.0,40834.76,0.443,1,0.825,8411.01,19,0.843,0.907,0
APP_1053,Female,25_50,False,628.0,34224.36,0.452,3,0.903,3697.76,61,0.323,0.892,0
APP_1054,Female,Over_50,True,784.0,47173.39,0.177,0,0.809,10834.49,10,0.61,0.579,0
APP_1055,Female,25_50,True,757.0,15000.0,0.066,3,0.882,2801.67,111,0.808,0.608,0
APP_1056,Male,25_50,True,546.0,54679.37,0.266,1,0.916,8841.4,87,0.303,0.632,0
APP_1057,Male,25_50,True,716.0,39171.58,0.35,2,0.657,9888.71,48,0.339,0.863,0
APP_1058,Male,25_50,True,715.0,31777.54,0.516,3,0.551,3523.3,36,0.543,0.89,0
APP_1059,Male,25_50,True,558.0,124009.98,0.11,2,0.444,33581.16,65,0.585,0.884,0
APP_1060,Male,Over_50,True,716.0,24222.56,0.063,0,0.727,4608.64,21,0.426,0.753,0
APP_1061,Male,Over_50,True,773.0,28514.11,0.133,1,0.583,5768.23,109,0.426,0.919,0
APP_1062,Female,25_50,True,560.0,119962.2,0.058,2,0.762,32241.61,27,0.793,0.682,0
APP_1063,Male,25_50,True,577.0,22043.28,0.325,2,0.954,5607.72,20,0.688,0.612,0
APP_1064,Male,25_50,True,731.0,26106.27,0.289,1,0.907,5231.45,33,0.814,0.753,0
APP_1065,Female,25_50,True,672.0,33249.16,0.353,0,0.729,7923.17,31,0.499,0.787,0
APP_1066,Male,Under_25,True,694.0,60140.62,0.134,2,0.826,9522.06,54,0.79,0.829,0
APP_1067,Female,Under_25,True,677.0,41137.75,0.407,3,0.689,7686.36,89,0.494,0.849,0
APP_1068,Male,25_50,True,681.0,16721.07,0.156,5,0.905,1095.52,70,0.648,0.722,0
APP_1069,Non-Binary,25_50,True,544.0,26388.9,0.297,1,0.672,1912.26,23,0.551,0.841,0
APP_1070,Female,25_50,True,734.0,25224.91,0.643,1,0.988,6491.79,59,0.79,0.851,0
APP_1071,Male,Under_25,True,744.0,34671.29,0.142,1,0.655,2250.79,19,0.73,0.867,0
APP_1072,Male,Under_25,True,632.0,46887.49,0.167,1,0.814,4330.05,60,0.537,0.754,0
APP_1073,Female,Under_25,True,647.0,46673.11,0.13,4,0.562,11619.65,50,0.541,0.789,0
APP_1074,Female,Over_50,True,528.0,15000.0,0.178,1,0.803,754.3,51,0.713,0.937,0
APP_1075,Female,25_50,True,691.0,68759.12,0.171,3,0.821,8292.42,25,0.687,0.525,0
APP_1076,Female,25_50,True,696.0,42257.68,0.185,0,0.947,8282.91,33,0.312,0.847,0
APP_1077,Male,25_50,True,645.0,83342.94,0.219,1,0.844,16573.78,46,0.839,0.764,0
APP_1078,Male,Under_25,False,740.0,47406.71,0.338,1,0.811,11580.9,85,0.58,0.584,0
APP_1079,Male,Over_50,True,623.0,70318.75,0.46,1,0.737,12409.96,36,0.262,0.678,0
APP_1080,Female,25_50,True,695.0,48046.63,0.301,1,0.882,8521.09,57,0.652,0.792,0
APP_1081,Female,Under_25,True,568.0,81449.25,0.241,3,0.882,18841.46,18,0.273,0.91,0
APP_1082,Male,25_50,True,648.0,49679.64,0.05,0,0.674,8676.85,37,0.424,0.748,0
APP_1083,Male,Over_50,True,636.0,34243.46,0.649,3,0.72,6921.38,65,0.785,0.913,0
APP_1084,Male,Over_50,True,668.0,141982.75,0.281,2,0.895,38966.24,54,0.736,0.651,0
APP_1085,Male,25_50,True,620.0,61909.09,0.291,1,0.856,9308.82,41,0.512,0.551,0
APP_1086,Female,25_50,True,639.0,51238.51,0.546,3,0.836,7495.23,34,0.902,0.628,0
APP_1087,Female,Under_25,True,716.0,16885.61,0.19,1,0.881,859.26,33,0.487,0.982,0
APP_1088,Female,Over_50,True,615.0,16764.44,0.249,2,0.782,3409.16,42,0.493,0.638,0
APP_1089,Male,Under_25,True,521.0,43287.94,0.439,1,0.79,2486.59,116,0.677,0.781,0
APP_1090,Male,Over_50,True,790.0,39628.85,0.464,0,0.538,6976.15,47,0.803,0.749,0
APP_1091,Female,25_50,False,761.0,25122.68,0.267,1,0.816,6307.26,27,0.663,0.827,0
APP_1092,Female,25_50,True,547.0,39521.09,0.282,1,0.756,7409.42,59,0.497,0.818,0
APP_1093,Female,25_50,True,705.0,94200.07,0.569,0,0.925,11059.94,69,0.438,0.706,0
APP_1094,Female,Under_25,True,610.0,55118.54,0.224,1,0.894,13589.04,63,0.644,0.498,0
APP_1095,Female,Under_25,True,671.0,18313.52,0.231,1,0.563,2150.54,24,0.743,0.943,0
APP_1096,Female,Under_25,True,674.0,33965.3,0.353,3,0.908,7922.68,57,0.882,0.893,0
APP_1097,Male,Under_25,True,631.0,22404.57,0.232,1,0.884,4538.37,14,0.5,0.927,0
APP_1098,Male,25_50,True,587.0,28778.39,0.238,1,0.826,2661.97,21,0.259,0.667,0
APP_1099,Male,25_50,True,595.0,28334.36,0.365,1,0.864,7828.32,46,0.37,0.642,0
APP_1100,Male,Under_25,True,577.0,27266.46,0.413,1,0.693,2731.03,88,0.399,0.907,0
APP_1101,Female,Over_50,True,583.0,17101.45,0.141,1,0.763,5085.92,60,0.589,0.726,0
APP_1102,Male,Over_50,True,645.0,33637.85,0.279,3,0.708,1743.37,71,0.561,0.634,0
APP_1103,Female,Over_50,True,593.0,25942.44,0.477,3,0.836,3005.97,15,0.512,0.685,0
APP_1104,Female,Over_50,True,705.0,15000.0,0.362,1,0.671,1499.48,65,0.508,0.896,0
APP_1105,Male,Under_25,True,769.0,124465.42,0.296,2,0.83,6658.69,23,0.539,0.788,0
APP_1106,Male,25_50,True,604.0,69791.1,0.346,2,0.91,16267.75,41,0.79,0.658,0
APP_1107,Female,25_50,True,669.0,28975.9,0.108,5,0.945,6471.95,23,0.798,0.734,0
APP_1108,Male,25_50,True,690.0,36727.88,0.227,2,0.794,9111.74,51,0.65,0.884,0
APP_1109,Male,Under_25,False,688.0,17979.86,0.151,2,0.889,2052.84,19,0.669,0.806,0
APP_1110,Male,25_50,True,656.0,100451.84,0.295,2,0.914,16181.16,15,0.523,0.847,0
APP_1111,Male,Under_25,True,709.0,113365.59,0.536,2,0.914,24348.48,29,0.421,0.849,0
APP_1112,Female,Under_25,True,689.0,39895.4,0.138,4,0.476,6380.95,35,0.408,0.943,0
APP_1113,Female,25_50,True,551.0,67112.02,0.264,1,0.577,15055.34,26,0.506,0.829,0
APP_1114,Female,25_50,True,720.0,40342.96,0.167,1,0.904,8411.24,79,0.901,0.663,0
APP_1115,Female,25_50,True,721.0,16284.43,0.129,0,0.577,1280.97,75,0.439,0.774,0
APP_1116,Female,Under_25,True,589.0,28364.85,0.327,6,0.783,6956.79,24,0.654,0.832,0
APP_1117,Male,Over_50,True,653.0,39306.96,0.116,0,0.829,9047.25,75,0.691,0.639,0
APP_1118,Female,25_50,True,705.0,27646.97,0.338,3,0.665,5915.31,74,0.922,0.718,0
APP_1119,Female,Under_25,True,633.0,31850.49,0.36,1,0.89,2827.48,27,0.885,0.848,0
APP_1120,Female,Over_50,True,736.0,34377.59,0.174,1,0.946,4022.15,50,0.836,0.956,0
APP_1121,Female,Over_50,True,839.0,34595.29,0.278,0,0.732,5130.28,36,0.536,0.721,0
APP_1122,Male,Over_50,False,587.0,37472.22,0.674,1,0.759,4496.01,53,0.635,0.97,0
APP_1123,Male,25_50,True,540.0,19218.66,0.05,1,0.716,2055.49,22,0.373,0.795,0
APP_1124,Male,25_50,False,674.0,23618.61,0.224,1,0.953,5936.29,38,0.435,0.983,0
APP_1125,Male,25_50,True,708.0,16801.94,0.598,2,0.568,3520.98,39,0.572,0.766,0
APP_1126,Female,Under_25,True,632.0,65296.21,0.347,3,0.923,12495.61,32,0.734,0.945,0
APP_1127,Female,25_50,True,766.0,15000.0,0.403,0,0.794,1597.32,41,0.728,0.863,0
APP_1128,Male,25_50,True,543.0,72558.92,0.528,2,0.791,20281.61,64,0.811,0.733,0
APP_1129,Female,25_50,True,705.0,83433.87,0.46,2,0.977,8159.48,48,0.821,0.944,0
APP_1130,Male,25_50,True,602.0,30293.6,0.335,2,0.747,7535.16,59,0.539,0.855,0
APP_1131,Male,25_50,True,788.0,15000.0,0.39,1,0.724,4375.02,53,0.627,0.849,0
APP_1132,Male,Under_25,True,809.0,29237.68,0.147,1,0.72,6776.51,45,0.609,0.885,0
APP_1133,Male,Under_25,True,589.0,34943.56,0.234,0,0.699,10420.68,47,0.522,0.855,0
APP_1134,Female,25_50,True,606.0,19804.04,0.536,3,0.953,4213.56,31,0.507,0.877,0
APP_1135,Male,Under_25,True,719.0,26658.65,0.546,1,0.666,2782.23,19,0.684,0.904,0
APP_1136,Female,Over_50,True,619.0,90954.72,0.293,1,0.712,9182.32,56,0.396,0.691,0
APP_1137,Female,25_50,True,646.0,54119.85,0.261,4,0.885,7097.34,34,0.366,0.909,0
APP_1138,Male,25_50,True,652.0,20853.18,0.146,2,0.753,1079.83,31,0.733,0.7,0
APP_1139,Female,25_50,True,496.0,15000.0,0.384,6,0.932,3306.37,44,0.401,0.615,1
APP_1140,Female,25_50,True,649.0,29845.51,0.05,1,0.755,3496.91,59,0.572,0.857,0
APP_1141,Male,25_50,True,595.0,31949.95,0.153,1,0.805,8108.76,28,0.792,0.373,0
APP_1142,Female,25_50,True,611.0,48909.14,0.329,2,0.904,6837.16,67,0.691,0.975,0
APP_1143,Male,25_50,True,765.0,26339.1,0.303,2,0.635,4477.36,20,0.378,0.696,0
APP_1144,Male,25_50,True,549.0,49360.2,0.266,1,0.763,14384.66,40,0.533,0.745,0
APP_1145,Male,Over_50,True,715.0,115970.65,0.239,2,0.804,12819.75,60,0.252,0.871,0
APP_1146,Female,25_50,True,628.0,59236.94,0.067,3,0.496,13643.07,24,0.842,0.802,0
APP_1147,Female,25_50,True,628.0,35282.66,0.542,2,0.877,8424.77,52,0.587,0.816,0
APP_1148,Male,Over_50,True,713.0,32536.24,0.167,0,0.789,3424.42,28,0.782,0.937,0
APP_1149,Male,Over_50,True,677.0,29319.15,0.313,1,0.911,5138.16,43,0.536,0.52,0
APP_1150,Female,25_50,True,696.0,73746.19,0.575,1,0.541,10143.82,85,0.903,0.856,0
APP_1151,Male,25_50,True,727.0,24924.63,0.425,1,0.947,6056.1,69,0.77,0.742,0
APP_1152,Male,25_50,True,623.0,37314.36,0.603,0,0.976,7672.61,32,0.604,0.889,0
APP_1153,Male,25_50,True,601.0,37448.38,0.164,1,0.808,6328.62,60,0.688,0.952,0
APP_1154,Non-Binary,25_50,True,563.0,26874.4,0.209,2,0.813,6579.95,59,0.771,0.941,0
APP_1155,Male,25_50,True,584.0,15938.94,0.481,1,0.687,1733.98,59,0.211,0.773,1
APP_1156,Female,Under_25,True,850.0,44081.03,0.251,1,0.638,10509.16,53,0.292,0.633,0
APP_1157,Female,Over_50,True,750.0,35010.3,0.137,1,0.739,9324.77,21,0.724,0.818,0
APP_1158,Male,Over_50,True,542.0,49027.87,0.625,2,0.513,13220.63,50,0.569,0.603,0
APP_1159,Female,Under_25,True,544.0,26366.24,0.192,0,0.697,6483.94,20,0.383,0.812,0
APP_1160,Male,25_50,True,689.0,75545.68,0.299,0,0.674,11483.21,45,0.587,0.67,0
APP_1161,Female,Under_25,True,694.0,21459.78,0.268,0,0.907,6340.33,44,0.593,0.547,0
APP_1162,Female,25_50,True,694.0,101440.14,0.314,2,0.593,14698.52,55,0.656,0.763,0
APP_1163,Female,25_50,True,630.0,15000.0,0.166,1,0.897,3144.85,27,0.458,0.738,0
APP_1164,Male,Under_25,True,640.0,47139.29,0.05,2,0.922,4255.19,34,0.431,0.603,0
APP_1165,Female,25_50,False,676.0,48303.46,0.346,0,0.667,14254.94,63,0.909,0.66,0
APP_1166,Male,25_50,True,657.0,22531.41,0.348,1,0.901,5092.02,38,0.783,0.898,0
APP_1167,Male,25_50,True,472.0,46846.72,0.082,2,0.889,11165.65,53,0.811,0.845,0
APP_1168,Male,Under_25,True,632.0,78253.69,0.216,3,0.756,5199.5,65,0.786,0.809,0
APP_1169,Female,25_50,True,582.0,15000.0,0.083,3,0.616,3612.82,33,0.629,0.852,0
APP_1170,Female,25_50,True,664.0,49101.6,0.417,2,0.851,11965.12,35,0.555,0.586,0
APP_1171,Male,Over_50,True,850.0,15000.0,0.088,0,0.721,3269.15,54,0.511,0.905,0
APP_1172,Female,25_50,True,679.0,20345.22,0.353,1,0.877,2502.0,20,0.627,0.903,0
APP_1173,Male,25_50,True,625.0,96519.45,0.382,3,0.739,16642.13,50,0.683,0.937,0
APP_1174,Female,25_50,True,724.0,25614.93,0.254,2,0.821,1987.94,86,0.839,0.577,0
APP_1175,Male,25_50,True,689.0,17955.86,0.607,0,0.721,3014.73,31,0.481,0.818,0
APP_1176,Female,25_50,True,684.0,32248.84,0.05,2,0.844,3578.2,24,0.269,0.927,0
APP_1177,Male,Under_25,True,699.0,125585.72,0.419,4,0.918,17239.68,64,0.341,0.876,0
APP_1178,Female,25_50,True,815.0,15000.0,0.34,3,0.716,1359.75,37,0.394,0.887,0
APP_1179,Male,25_50,True,560.0,19326.14,0.485,1,0.783,2077.82,25,0.323,0.653,0
APP_1180,Male,Over_50,True,688.0,89184.19,0.615,3,0.796,6166.39,36,0.783,1.0,0
APP_1181,Male,25_50,True,576.0,110704.68,0.282,0,0.661,30994.58,85,0.747,0.944,0
APP_1182,Female,25_50,True,694.0,34130.31,0.239,3,0.892,6232.29,49,0.53,0.891,0
APP_1183,Female,Over_50,True,577.0,17267.28,0.537,1,0.917,2576.03,31,0.895,0.832,0
APP_1184,Male,Under_25,True,617.0,127708.56,0.169,1,0.901,23467.38,25,0.463,0.855,0
APP_1185,Female,Over_50,False,626.0,94529.33,0.422,4,0.558,19574.5,14,0.941,0.663,0
APP_1186,Female,25_50,True,728.0,54577.02,0.326,2,0.74,15307.2,66,0.643,0.713,0
APP_1187,Female,Under_25,True,723.0,22304.83,0.567,5,0.971,2111.67,11,0.831,0.828,0
APP_1188,Female,25_50,True,550.0,35262.75,0.071,3,0.492,4368.64,59,0.561,0.983,0
APP_1189,Male,25_50,True,654.0,32984.2,0.062,2,0.829,9695.62,45,0.569,0.806,0
APP_1190,Male,Under_25,True,593.0,44289.85,0.208,0,0.596,6324.51,66,0.891,0.906,0
APP_1191,Female,25_50,True,549.0,86733.97,0.278,2,0.86,4825.91,68,0.434,0.96,0
APP_1192,Female,25_50,True,633.0,61552.78,0.388,2,0.856,5349.61,13,0.624,0.969,0
APP_1193,Female,25_50,True,625.0,19026.24,0.137,1,0.613,1076.59,68,0.794,0.977,0
APP_1194,Male,Under_25,True,844.0,82942.08,0.05,3,0.709,24673.68,27,0.467,0.974,0
APP_1195,Male,Over_50,True,685.0,43821.48,0.703,1,0.449,5246.21,22,0.665,0.874,0
APP_1196,Female,Over_50,True,540.0,54843.53,0.203,0,0.315,15404.76,32,0.433,0.837,0
APP_1197,Female,Over_50,True,605.0,87546.43,0.464,3,0.937,26173.89,52,0.766,0.972,0
APP_1198,Female,25_50,True,732.0,18639.75,0.12,4,0.667,3727.21,49,0.774,0.731,0
APP_1199,Female,Under_25,True,817.0,35543.22,0.228,1,0.966,2072.14,34,0.477,0.896,0
APP_1200,Female,25_50,False,523.0,26400.21,0.09,1,0.894,1858.52,28,0.543,0.677,0
APP_1201,Male,Under_25,True,500.0,15000.0,0.649,3,0.918,2555.96,49,0.763,0.543,0
APP_1202,Male,Under_25,True,800.0,44713.29,0.186,0,0.964,6775.99,20,0.591,0.781,0
APP_1203,Female,25_50,True,681.0,163887.24,0.07,1,0.741,33030.54,19,0.431,0.886,0
APP_1204,Female,25_50,True,581.0,15000.0,0.545,5,0.841,2395.68,44,0.774,0.76,0
APP_1205,Male,25_50,True,693.0,35618.9,0.208,0,0.851,10098.64,60,0.654,0.758,0
APP_1206,Male,25_50,True,439.0,53333.81,0.585,2,0.767,9796.62,40,0.606,0.885,0
APP_1207,Female,25_50,True,650.0,39098.79,0.343,0,0.744,8735.9,29,0.717,0.939,0
APP_1208,Male,25_50,True,676.0,33932.32,0.287,1,0.399,9301.57,57,0.718,0.755,0
APP_1209,Male,Over_50,True,724.0,16655.07,0.42,4,0.84,1444.29,3,0.617,0.929,0
APP_1210,Female,25_50,True,569.0,41759.07,0.157,4,0.75,4486.33,104,0.75,0.879,0
APP_1211,Female,25_50,True,657.0,23062.0,0.195,0,0.831,1771.85,32,0.664,0.834,0
APP_1212,Female,Under_25,True,576.0,15000.0,0.301,7,0.828,1273.64,44,0.682,0.873,0
APP_1213,Male,25_50,False,670.0,74366.09,0.417,2,0.849,13248.02,43,0.644,0.755,0
APP_1214,Female,25_50,True,578.0,64539.42,0.279,2,0.653,8409.15,44,0.671,0.83,0
APP_1215,Male,Under_25,True,617.0,37458.79,0.05,1,0.937,5835.82,45,0.616,0.982,0
APP_1216,Male,Under_25,True,570.0,41666.17,0.309,3,0.897,12317.46,40,0.733,0.836,0
APP_1217,Female,25_50,True,702.0,69188.56,0.22,0,0.985,6169.97,41,0.618,0.841,0
APP_1218,Female,25_50,True,719.0,41547.96,0.278,1,0.916,7694.81,53,0.328,0.77,0
APP_1219,Female,25_50,True,631.0,62468.05,0.248,0,0.786,4667.47,42,0.318,0.707,0
APP_1220,Female,Over_50,True,653.0,30379.12,0.244,1,0.889,3937.86,35,0.507,0.676,0
APP_1221,Female,Under_25,True,534.0,79792.93,0.287,0,0.626,14512.86,41,0.409,0.505,0
APP_1222,Male,25_50,True,626.0,44023.17,0.457,0,0.624,12619.59,51,0.868,0.787,0
APP_1223,Male,Over_50,True,646.0,40799.75,0.116,0,0.413,6030.49,54,0.696,0.938,0
APP_1224,Male,25_50,True,850.0,16948.99,0.213,3,0.565,1122.48,58,0.558,0.65,0
APP_1225,Male,25_50,True,561.0,43138.6,0.109,1,0.892,6343.12,47,0.872,0.932,0
APP_1226,Female,25_50,True,767.0,22044.69,0.207,2,0.758,1905.44,59,0.789,0.892,0
APP_1227,Male,25_50,True,730.0,24761.13,0.279,1,0.772,2661.76,69,0.571,0.497,0
APP_1228,Female,Over_50,True,672.0,22265.08,0.117,1,0.952,4553.71,30,0.353,0.408,0
APP_1229,Female,25_50,True,791.0,19153.85,0.315,1,0.649,1280.55,64,0.583,0.57,0
APP_1230,Female,Over_50,True,680.0,129944.52,0.316,1,0.768,21594.3,54,0.608,0.906,0
APP_1231,Female,Under_25,True,681.0,80724.99,0.134,1,0.452,16335.94,58,0.681,0.88,0
APP_1232,Female,Under_25,True,646.0,114946.32,0.223,5,0.84,17870.08,33,0.773,0.708,0
APP_1233,Female,Under_25,True,748.0,17435.49,0.05,0,0.865,955.14,46,0.732,0.922,0
APP_1234,Male,25_50,True,738.0,37901.74,0.137,1,0.601,11233.31,26,0.95,0.863,0
APP_1235,Female,25_50,True,600.0,16712.22,0.194,1,0.926,2369.44,60,0.77,0.823,0
APP_1236,Male,Over_50,True,544.0,23922.7,0.175,2,0.835,5852.55,73,0.697,0.907,0
APP_1237,Male,25_50,True,634.0,20933.87,0.059,1,0.757,2750.95,71,0.624,0.629,0
APP_1238,Female,Over_50,True,586.0,76400.95,0.102,1,0.909,12892.98,23,0.832,0.792,0
APP_1239,Male,Under_25,True,645.0,28631.48,0.222,3,0.585,4212.15,39,0.714,0.446,0
APP_1240,Female,Over_50,True,749.0,68942.47,0.5,1,0.817,9351.0,42,0.541,0.838,0
APP_1241,Female,25_50,True,613.0,52180.94,0.401,0,0.6,2894.1,26,0.615,0.834,0
APP_1242,Female,25_50,True,647.0,144666.05,0.271,1,0.633,20254.0,15,0.72,0.582,0
APP_1243,Male,25_50,False,655.0,15000.0,0.362,1,0.691,4085.59,22,0.541,0.807,0
APP_1244,Male,25_50,True,718.0,77307.01,0.525,3,0.826,17208.41,23,0.556,0.807,0
APP_1245,Female,25_50,True,470.0,72248.33,0.094,1,0.728,6239.06,31,0.687,0.896,0
APP_1246,Male,Under_25,True,601.0,20251.27,0.542,2,0.881,4005.47,29,0.688,0.792,0
APP_1247,Female,Under_25,True,667.0,66454.98,0.376,2,0.765,18146.04,15,0.72,0.85,0
APP_1248,Female,Over_50,True,746.0,44430.75,0.457,0,0.849,9997.3,81,0.815,0.627,0
APP_1249,Female,25_50,True,611.0,31682.33,0.101,2,0.507,2761.78,6,0.611,0.787,0
APP_1250,Male,25_50,True,500.0,22151.02,0.198,0,0.782,5913.39,39,0.659,0.49,0
APP_1251,Male,25_50,True,700.0,23588.97,0.442,0,0.74,2957.73,35,0.721,0.699,0
APP_1252,Female,Under_25,True,599.0,124229.66,0.255,1,0.94,20313.91,63,0.483,0.771,0
APP_1253,Male,Under_25,True,555.0,36330.38,0.231,2,0.79,6595.26,19,0.42,0.904,0
APP_1254,Male,25_50,True,600.0,58062.66,0.527,3,0.837,15248.8,42,0.632,0.952,0
APP_1255,Female,25_50,True,635.0,22594.47,0.233,2,0.855,6392.02,34,0.576,0.773,0
APP_1256,Female,Under_25,True,602.0,22744.72,0.311,1,0.851,6423.41,45,0.555,0.581,0
APP_1257,Female,25_50,True,474.0,69507.57,0.525,1,0.95,3613.6,77,0.607,0.915,0
APP_1258,Female,Under_25,True,722.0,16159.35,0.56,2,0.827,4532.25,47,0.678,0.499,0
APP_1259,Male,25_50,True,752.0,28307.21,0.13,0,0.88,1800.25,16,0.684,0.826,0
APP_1260,Female,25_50,True,702.0,37064.56,0.227,2,0.872,4315.92,30,0.522,0.663,0
APP_1261,Non-Binary,25_50,True,559.0,38825.15,0.394,3,0.933,6939.88,43,0.483,0.836,0
APP_1262,Male,25_50,True,634.0,32615.54,0.597,2,0.905,5544.04,22,0.375,0.862,0
APP_1263,Female,25_50,True,649.0,46050.41,0.133,2,0.972,9264.3,26,0.39,0.842,0
APP_1264,Female,Under_25,True,698.0,55034.39,0.403,0,0.714,9348.23,16,0.544,0.947,0
APP_1265,Female,Under_25,True,703.0,56431.49,0.239,0,0.811,16003.63,19,0.52,0.775,0
APP_1266,Female,25_50,True,591.0,20100.86,0.521,2,0.704,2213.85,95,0.597,0.814,0
APP_1267,Female,25_50,True,657.0,30623.01,0.145,0,0.915,3629.02,64,0.416,0.91,0
APP_1268,Male,25_50,True,687.0,74373.7,0.53,5,0.993,20838.36,32,0.499,0.828,0
APP_1269,Male,25_50,True,766.0,62117.83,0.391,0,0.81,4297.61,79,0.445,0.644,0
APP_1270,Female,25_50,True,706.0,15935.18,0.213,0,0.665,3225.12,72,0.389,0.804,0
APP_1271,Female,Over_50,True,713.0,44841.44,0.069,2,0.875,9884.58,47,0.703,0.82,0
APP_1272,Female,25_50,True,657.0,15000.0,0.35,2,0.792,2645.78,37,0.748,0.84,0
APP_1273,Female,Under_25,True,763.0,37352.72,0.254,0,0.889,8350.5,56,0.391,0.765,0
APP_1274,Female,25_50,False,683.0,113398.13,0.05,1,0.654,10567.42,66,0.556,0.883,0
APP_1275,Female,Under_25,True,581.0,20563.32,0.539,2,0.95,5411.4,37,0.692,0.768,0
APP_1276,Female,Under_25,True,762.0,22013.39,0.218,2,0.923,1871.28,99,0.849,0.85,0
APP_1277,Female,Over_50,True,706.0,57435.5,0.512,2,0.741,8626.99,32,0.571,0.717,0
APP_1278,Female,Under_25,True,615.0,15000.0,0.364,1,0.777,1032.22,30,0.422,0.771,0
APP_1279,Female,25_50,True,612.0,24843.39,0.545,4,0.71,4628.39,27,0.788,0.735,0
APP_1280,Female,25_50,True,674.0,51941.05,0.05,4,0.846,11293.88,80,0.41,0.597,0
APP_1281,Male,25_50,True,687.0,24820.58,0.304,0,0.639,7081.45,32,0.605,0.892,0
APP_1282,Male,25_50,True,666.0,31521.28,0.652,1,0.876,7402.27,68,0.858,0.907,0
APP_1283,Male,Under_25,True,675.0,56755.7,0.141,0,0.662,10515.45,51,0.374,0.883,0
APP_1284,Female,25_50,True,786.0,46766.74,0.299,1,0.798,13242.2,51,0.585,0.763,0
APP_1285,Male,25_50,True,736.0,42620.52,0.094,2,0.923,7228.83,58,0.58,0.819,0
APP_1286,Male,Under_25,False,665.0,29629.53,0.636,3,0.463,5638.54,26,0.924,0.977,0
APP_1287,Female,25_50,True,725.0,45344.16,0.218,0,0.777,9024.6,53,0.716,0.751,0
APP_1288,Male,Under_25,True,567.0,33717.1,0.315,1,0.56,5141.69,60,0.767,0.943,0
APP_1289,Female,Under_25,True,682.0,47795.34,0.261,4,0.803,12408.66,24,0.765,0.861,0
APP_1290,Male,25_50,True,795.0,26952.75,0.422,2,0.897,2595.39,56,0.803,0.658,0
APP_1291,Male,Under_25,True,633.0,32547.59,0.171,2,0.937,6142.07,23,0.6,0.779,0
APP_1292,Female,25_50,True,582.0,20050.82,0.257,4,0.919,4622.88,27,0.792,0.794,0
APP_1293,Male,25_50,True,598.0,35560.67,0.265,1,0.786,9814.53,56,0.571,0.78,0
APP_1294,Male,25_50,True,563.0,22323.6,0.061,2,0.84,6049.24,8,0.381,0.635,0
APP_1295,Female,Under_25,True,587.0,18612.19,0.05,2,0.864,3297.8,48,0.912,0.657,0
APP_1296,Female,Under_25,True,620.0,42412.43,0.335,3,0.919,8940.13,34,0.827,0.731,0
APP_1297,Male,Under_25,True,538.0,41259.8,0.05,0,0.723,6129.53,14,0.854,0.844,0
APP_1298,Female,25_50,True,651.0,58088.57,0.229,1,0.813,9703.37,29,0.727,0.941,0
APP_1299,Male,25_50,True,722.0,28038.24,0.128,1,0.613,7754.44,69,0.925,0.795,0
APP_1300,Male,Under_25,True,577.0,46389.65,0.288,2,0.794,13113.24,27,0.703,0.808,0
APP_1301,Female,Over_50,True,772.0,50537.89,0.415,0,0.918,13839.98,35,0.926,0.901,0
APP_1302,Female,Under_25,True,691.0,47423.08,0.413,2,0.784,4011.65,44,0.733,0.459,0
APP_1303,Female,25_50,True,732.0,22128.19,0.324,2,0.72,5809.12,75,0.811,0.634,0
APP_1304,Female,25_50,False,597.0,39720.32,0.314,1,0.718,11403.34,10,0.627,0.88,0
APP_1305,Female,Over_50,True,718.0,45183.36,0.44,2,0.668,6339.79,27,0.782,0.679,0
APP_1306,Female,25_50,True,563.0,36472.25,0.321,2,0.564,6552.66,77,0.547,0.963,0
APP_1307,Male,25_50,True,721.0,15000.0,0.181,1,0.485,3671.61,62,0.784,0.743,0
APP_1308,Female,25_50,True,664.0,39986.36,0.05,2,0.811,7618.18,40,0.714,0.981,0
APP_1309,Male,25_50,True,694.0,136970.19,0.486,1,0.57,40867.92,46,0.831,0.663,0
APP_1310,Male,Under_25,True,556.0,29259.99,0.652,2,0.726,4796.54,30,0.803,0.911,0
APP_1311,Male,Over_50,True,578.0,23462.38,0.193,0,0.859,5360.82,53,0.656,0.71,0
APP_1312,Male,25_50,True,698.0,45433.69,0.206,0,0.704,11274.27,15,0.754,0.79,0
APP_1313,Female,25_50,True,574.0,43801.66,0.05,0,0.826,7600.69,39,0.64,0.842,0
APP_1314,Female,25_50,False,687.0,74283.27,0.206,0,0.531,19629.05,57,0.568,0.827,0
APP_1315,Female,25_50,True,541.0,17073.44,0.251,1,0.962,3184.86,66,0.601,0.898,0
APP_1316,Male,25_50,True,718.0,56321.3,0.137,3,0.88,8612.24,88,0.481,0.783,0
APP_1317,Male,25_50,True,551.0,51753.81,0.13,1,0.678,3982.76,48,0.635,0.793,0
APP_1318,Male,Under_25,True,694.0,33346.63,0.272,2,0.741,4947.09,41,0.741,0.836,0
APP_1319,Male,Under_25,True,700.0,44498.57,0.246,0,0.852,10389.71,49,0.4,0.74,0
APP_1320,Female,Under_25,True,594.0,67351.1,0.141,1,0.717,18879.97,18,0.799,0.828,0
APP_1321,Female,Under_25,True,697.0,61291.06,0.486,2,0.643,6920.98,64,0.551,0.909,0
APP_1322,Female,Over_50,True,671.0,18291.44,0.05,0,0.909,2539.01,40,0.717,0.897,0
APP_1323,Male,Under_25,True,607.0,59402.7,0.454,2,0.929,5256.56,78,0.631,0.603,0
APP_1324,Female,Over_50,True,569.0,34932.99,0.142,2,0.683,7778.9,53,0.703,0.615,0
APP_1325,Female,25_50,False,493.0,37938.6,0.241,0,0.6,11003.98,8,0.266,0.627,0
APP_1326,Female,Under_25,True,678.0,37945.96,0.334,1,0.662,7977.68,81,0.619,0.96,0
APP_1327,Female,25_50,True,525.0,33185.03,0.281,2,0.928,6778.68,64,0.701,0.928,0
APP_1328,Male,25_50,True,658.0,74237.49,0.206,3,0.821,13984.3,35,0.754,0.693,0
APP_1329,Male,25_50,True,629.0,34536.4,0.185,2,0.951,2490.56,50,0.691,0.722,0
APP_1330,Male,25_50,True,704.0,18550.88,0.246,1,0.717,4310.78,122,0.768,0.839,0
APP_1331,Female,25_50,True,626.0,28677.9,0.438,0,0.619,5750.27,37,0.27,0.783,0
APP_1332,Male,Under_25,True,624.0,40425.53,0.349,0,0.803,8706.41,33,0.542,0.82,0
APP_1333,Male,Over_50,True,709.0,75927.09,0.118,2,0.74,20857.38,51,0.856,0.787,0
APP_1334,Male,Over_50,True,677.0,52148.82,0.555,1,0.786,12828.1,41,0.635,0.766,0
APP_1335,Male,25_50,True,675.0,21800.3,0.077,1,0.963,5346.06,30,0.55,0.651,0
APP_1336,Female,Under_25,True,688.0,161314.95,0.484,1,0.613,45457.9,20,0.641,0.846,0
APP_1337,Female,25_50,True,527.0,42568.3,0.368,1,0.806,12663.38,11,0.601,0.838,0
APP_1338,Male,Under_25,True,711.0,78060.11,0.081,1,0.881,15246.75,51,0.73,0.649,0
APP_1339,Male,Under_25,True,699.0,33155.75,0.456,0,0.675,2560.3,21,0.778,0.726,0
APP_1340,Female,25_50,True,569.0,50011.86,0.374,3,0.831,8241.08,36,0.644,0.831,0
APP_1341,Male,25_50,True,630.0,60094.95,0.34,2,0.814,14837.46,60,0.668,0.546,0
APP_1342,Male,Over_50,True,647.0,75426.72,0.147,2,0.82,4294.14,11,0.522,0.813,0
APP_1343,Male,25_50,True,639.0,68488.49,0.267,1,0.887,4398.46,27,0.634,0.792,0
APP_1344,Male,25_50,False,677.0,61286.7,0.16,0,0.912,4093.3,44,0.698,0.843,0
APP_1345,Female,25_50,True,765.0,30059.92,0.305,2,0.894,6996.71,33,0.421,0.927,0
APP_1346,Female,25_50,True,737.0,25769.64,0.104,2,0.759,4517.2,45,0.604,0.858,0
APP_1347,Male,25_50,True,545.0,44336.54,0.586,2,0.654,6305.74,35,0.755,0.896,0
APP_1348,Male,Over_50,True,700.0,63568.72,0.283,3,0.96,4856.92,60,0.884,0.801,0
APP_1349,Female,Under_25,True,756.0,31772.85,0.213,3,0.828,7404.98,25,0.793,0.759,0
APP_1350,Female,Over_50,True,681.0,68809.92,0.356,1,0.403,8962.83,35,0.802,0.694,0
APP_1351,Female,25_50,True,737.0,86818.07,0.573,0,0.832,10099.63,38,0.338,0.752,0
APP_1352,Female,25_50,True,811.0,20956.57,0.164,0,0.879,4465.42,39,0.793,0.644,0
APP_1353,Male,25_50,True,732.0,21979.11,0.414,4,0.881,4170.6,31,0.701,0.742,0
APP_1354,Male,25_50,True,670.0,33382.1,0.293,2,0.843,4693.61,32,0.543,0.537,0
APP_1355,Female,Over_50,True,734.0,43676.59,0.242,2,0.661,9188.33,40,0.658,0.718,0
APP_1356,Male,Over_50,True,662.0,26509.54,0.05,2,0.841,3122.97,26,0.684,0.887,0
APP_1357,Female,25_50,True,652.0,81741.87,0.331,1,0.827,20329.82,53,0.551,0.877,0
APP_1358,Female,25_50,True,622.0,46837.53,0.403,0,0.557,5027.06,25,0.832,0.733,0
APP_1359,Female,25_50,True,775.0,37185.28,0.49,4,0.606,3335.87,52,0.722,0.896,0
APP_1360,Male,Over_50,True,585.0,15343.61,0.41,3,0.894,3768.54,24,0.625,0.936,0
APP_1361,Female,Under_25,True,773.0,16490.02,0.232,4,0.711,3742.79,11,0.776,0.573,0
APP_1362,Male,25_50,True,690.0,42984.96,0.138,2,0.639,4111.93,15,0.618,0.927,0
APP_1363,Female,25_50,True,538.0,15000.0,0.05,2,0.909,1185.92,30,0.646,0.947,0
APP_1364,Female,25_50,True,679.0,66674.81,0.421,1,0.838,17308.76,64,0.364,0.658,0
APP_1365,Male,Under_25,True,482.0,33027.89,0.332,2,0.778,8063.75,47,0.796,0.825,0
APP_1366,Female,25_50,True,700.0,254194.7,0.261,1,0.525,33506.51,60,0.303,0.599,0
APP_1367,Female,Over_50,True,721.0,145037.81,0.136,4,0.813,31117.77,43,0.807,0.667,0
APP_1368,Male,Under_25,True,603.0,32569.47,0.059,2,0.816,2639.43,64,0.527,0.877,0
APP_1369,Male,Under_25,True,660.0,34070.86,0.601,4,0.815,6022.43,50,0.623,0.861,0
APP_1370,Male,Over_50,True,806.0,65995.97,0.543,1,0.918,3608.83,26,0.293,0.956,0
APP_1371,Male,Under_25,True,610.0,100901.85,0.63,1,0.955,14923.43,31,0.521,0.723,0
APP_1372,Male,Over_50,True,565.0,15000.0,0.584,0,0.917,1030.66,74,0.765,0.739,0
APP_1373,Female,25_50,True,769.0,15000.0,0.262,0,0.954,2531.8,23,0.535,0.99,0
APP_1374,Male,Under_25,True,807.0,25003.7,0.137,0,0.737,3886.09,61,0.662,0.941,0
APP_1375,Male,Over_50,True,650.0,51515.73,0.212,3,0.716,8298.99,25,0.684,0.955,0
APP_1376,Female,25_50,True,731.0,48928.93,0.144,2,0.83,3000.95,17,0.767,0.789,0
APP_1377,Male,25_50,True,757.0,69000.08,0.165,2,0.745,9687.89,28,0.798,0.717,0
APP_1378,Female,25_50,True,591.0,17679.86,0.351,2,0.718,4227.63,27,0.811,0.843,0
APP_1379,Male,25_50,True,611.0,15000.0,0.124,0,0.926,2133.43,9,0.488,0.997,0
APP_1380,Male,Under_25,True,748.0,60767.39,0.3,0,0.97,13903.15,56,0.76,0.769,0
APP_1381,Female,25_50,True,785.0,22094.46,0.088,1,0.796,3145.58,34,0.88,0.627,0
APP_1382,Female,Over_50,True,695.0,15000.0,0.281,1,0.816,2337.15,32,0.474,0.85,0
APP_1383,Female,25_50,True,580.0,39617.98,0.263,2,0.94,7565.96,35,0.556,0.632,0
APP_1384,Female,25_50,True,809.0,58448.74,0.572,1,0.627,16813.98,39,0.599,0.894,0
APP_1385,Female,25_50,True,608.0,33751.01,0.098,1,0.772,2606.09,42,0.605,0.909,0
APP_1386,Male,25_50,True,623.0,27592.27,0.181,0,0.714,1606.65,57,0.532,0.848,0
APP_1387,Male,Under_25,True,677.0,33003.95,0.192,3,0.604,6666.45,91,0.624,0.524,0
APP_1388,Female,Over_50,True,774.0,29075.48,0.438,2,0.735,8352.64,42,0.605,0.418,0
APP_1389,Female,25_50,True,718.0,16174.19,0.277,3,0.703,4810.7,50,0.448,0.852,0
APP_1390,Non-Binary,Under_25,True,683.0,23651.73,0.36,2,0.902,4045.42,83,0.759,0.824,0
APP_1391,Male,Under_25,True,687.0,49650.71,0.298,1,0.784,8292.68,34,0.406,0.953,0
APP_1392,Male,Under_25,True,653.0,44046.76,0.11,1,0.875,9304.48,150,0.647,0.871,0
APP_1393,Female,25_50,True,695.0,40168.4,0.152,3,0.927,7588.16,68,0.529,0.967,0
APP_1394,Male,25_50,True,448.0,19988.47,0.39,3,0.786,4168.04,21,0.657,0.837,1
APP_1395,Female,25_50,True,626.0,32568.41,0.331,0,0.631,8744.61,38,0.561,0.645,0
APP_1396,Female,25_50,True,669.0,15000.0,0.201,2,0.862,3548.65,98,0.645,0.775,0
APP_1397,Male,Under_25,True,558.0,40420.24,0.05,2,0.843,7041.99,31,0.742,0.632,0
APP_1398,Female,25_50,True,681.0,85589.22,0.123,0,0.639,14162.12,23,0.652,0.793,0
APP_1399,Female,25_50,True,634.0,15000.0,0.335,2,0.777,3148.51,14,0.479,0.673,0
APP_1400,Male,Under_25,True,790.0,25551.3,0.14,3,0.781,4188.54,46,0.383,0.867,0
APP_1401,Female,Under_25,True,776.0,44243.51,0.579,1,0.88,7275.62,22,0.55,0.823,0
APP_1402,Female,Under_25,True,613.0,77011.16,0.742,2,0.853,4164.49,69,0.832,0.96,0
APP_1403,Female,25_50,True,638.0,27752.06,0.23,3,0.75,2595.26,36,0.572,0.592,0
APP_1404,Male,25_50,True,644.0,23972.19,0.415,2,0.761,4126.3,64,0.389,0.888,0
APP_1405,Female,25_50,True,614.0,15000.0,0.333,1,0.853,3834.95,48,0.667,0.872,0
APP_1406,Male,25_50,True,666.0,38640.76,0.427,1,0.738,4624.59,37,0.684,0.703,0
APP_1407,Male,25_50,True,589.0,123654.37,0.661,2,0.93,22339.5,96,0.747,0.875,0
APP_1408,Female,25_50,False,560.0,42890.9,0.293,3,0.897,5843.48,31,0.728,0.813,0
APP_1409,Male,Over_50,True,700.0,35833.29,0.05,1,0.943,2730.53,25,0.346,0.579,0
APP_1410,Male,Under_25,True,700.0,44057.43,0.337,2,0.896,12757.91,16,0.589,0.959,0
APP_1411,Female,Under_25,True,586.0,36074.62,0.517,2,0.879,9511.74,28,0.327,0.85,0
APP_1412,Female,25_50,True,722.0,22296.64,0.057,2,0.869,1552.36,36,0.602,0.91,0
APP_1413,Female,Under_25,True,599.0,59514.06,0.607,3,0.643,13685.07,17,0.609,0.827,0
APP_1414,Female,25_50,True,670.0,41583.42,0.644,2,0.982,5692.56,33,0.66,0.859,0
APP_1415,Male,Over_50,False,716.0,36701.32,0.44,2,0.527,10963.14,57,0.653,0.729,0
APP_1416,Male,Under_25,True,647.0,20227.14,0.079,1,0.676,2540.52,21,0.747,0.968,0
APP_1417,Male,Under_25,True,686.0,79388.18,0.264,0,0.856,8707.66,20,0.832,0.618,0
APP_1418,Female,25_50,True,609.0,54112.56,0.145,0,0.879,10388.13,43,0.714,0.974,0
APP_1419,Female,Over_50,True,634.0,26062.36,0.345,1,0.77,6744.46,27,0.662,0.687,0
APP_1420,Female,25_50,True,634.0,66243.65,0.121,5,0.713,6500.47,24,0.647,0.543,0
APP_1421,Female,25_50,True,590.0,26942.43,0.518,3,0.701,6125.38,17,0.699,0.755,0
APP_1422,Male,Under_25,True,636.0,22715.39,0.229,4,0.865,1484.49,32,0.62,0.929,0
APP_1423,Female,Under_25,True,526.0,23021.37,0.212,1,0.935,6439.85,58,0.721,0.88,0
APP_1424,Male,Over_50,True,611.0,15000.0,0.196,1,0.795,1054.03,38,0.587,0.935,0
APP_1425,Female,Over_50,True,627.0,48190.9,0.182,2,0.732,13423.95,61,0.807,0.856,0
APP_1426,Male,Under_25,True,630.0,15000.0,0.252,0,0.907,2590.53,32,0.559,0.805,0
APP_1427,Female,Over_50,False,631.0,17377.54,0.05,1,0.842,2815.56,69,0.59,0.765,0
APP_1428,Male,25_50,True,645.0,15000.0,0.358,1,0.762,4399.9,57,0.612,0.934,0
APP_1429,Male,Over_50,True,688.0,34487.71,0.156,1,0.91,10263.4,15,0.439,0.726,0
APP_1430,Male,25_50,True,720.0,33183.49,0.424,1,0.956,7052.97,76,0.384,0.898,0
APP_1431,Female,25_50,True,598.0,29851.26,0.447,2,0.881,2441.23,36,0.39,0.88,0
APP_1432,Female,25_50,False,554.0,19427.67,0.445,3,0.89,3429.81,18,0.698,0.846,1
APP_1433,Male,25_50,True,567.0,17973.61,0.35,0,0.664,3276.42,43,0.386,0.71,0
APP_1434,Male,Under_25,False,611.0,47983.95,0.316,1,0.782,8570.49,52,0.778,0.768,0
APP_1435,Female,Under_25,True,622.0,26099.43,0.498,2,0.689,5020.83,27,0.649,0.781,0
APP_1436,Male,25_50,True,588.0,43906.38,0.353,1,0.982,2400.85,40,0.68,0.543,0
APP_1437,Female,25_50,True,546.0,21350.93,0.349,2,0.785,4863.89,40,0.712,0.903,0
APP_1438,Female,Under_25,True,614.0,40483.01,0.398,1,0.906,9234.12,45,0.685,0.577,0
APP_1439,Male,25_50,True,665.0,79377.23,0.592,3,0.945,6260.28,34,0.743,0.704,0
APP_1440,Male,Over_50,True,698.0,51621.81,0.654,3,0.812,9940.29,33,0.681,0.954,0
APP_1441,Non-Binary,Under_25,True,605.0,28354.8,0.068,2,0.665,5446.68,52,0.746,0.697,0
APP_1442,Male,25_50,True,617.0,42375.23,0.447,0,0.88,9348.51,97,0.335,0.926,0
APP_1443,Male,25_50,True,576.0,31432.6,0.116,1,0.851,2242.7,88,0.788,0.961,0
APP_1444,Female,Over_50,True,647.0,36487.61,0.281,3,0.629,7539.28,86,0.418,0.439,0
APP_1445,Female,Under_25,True,582.0,29870.7,0.12,1,0.9,3590.1,47,0.672,0.861,0
APP_1446,Non-Binary,25_50,True,696.0,32905.62,0.199,1,0.941,5816.09,52,0.664,0.924,0
APP_1447,Female,25_50,True,507.0,41243.8,0.07,1,0.763,10035.89,27,0.666,0.929,0
APP_1448,Male,Over_50,True,621.0,20009.95,0.455,2,0.381,4530.48,33,0.675,0.611,0
APP_1449,Male,25_50,True,674.0,19741.39,0.38,2,0.838,1573.9,67,0.515,0.865,0
APP_1450,Female,25_50,True,665.0,15785.93,0.662,3,0.709,3122.4,31,0.733,0.9,0
APP_1451,Female,25_50,False,850.0,15000.0,0.441,1,0.441,4384.19,40,0.625,0.579,0
APP_1452,Male,Over_50,True,678.0,17494.3,0.069,2,0.616,1560.36,65,0.31,0.491,0
APP_1453,Female,25_50,True,570.0,39961.73,0.51,1,0.684,10519.0,95,0.732,0.977,0
APP_1454,Male,Under_25,True,642.0,21254.58,0.149,2,0.743,4795.82,14,0.752,0.651,0
APP_1455,Female,Over_50,True,508.0,49422.88,0.315,2,0.817,12034.51,22,0.482,0.631,0
APP_1456,Male,25_50,True,644.0,37079.82,0.104,2,0.894,4467.73,28,0.656,0.588,0
APP_1457,Male,25_50,True,583.0,15000.0,0.593,0,0.896,1829.58,55,0.592,0.765,0
APP_1458,Male,Under_25,True,723.0,53797.67,0.149,1,0.792,14875.32,41,0.708,0.804,0
APP_1459,Male,25_50,True,606.0,59070.04,0.173,0,0.67,8267.33,31,0.731,0.724,0
APP_1460,Male,25_50,False,641.0,20003.9,0.54,1,0.869,1315.33,87,0.562,0.543,0
APP_1461,Female,25_50,True,599.0,46728.75,0.206,3,0.672,9352.72,34,0.73,0.719,0
APP_1462,Female,Under_25,True,789.0,21722.44,0.555,2,0.8,1763.96,87,0.347,0.881,0
APP_1463,Female,25_50,True,624.0,38507.27,0.265,1,0.929,9594.05,42,0.486,0.778,0
APP_1464,Female,Over_50,True,797.0,17005.65,0.208,2,0.958,3578.61,71,0.421,0.809,0
APP_1465,Male,Under_25,True,715.0,15000.0,0.054,2,0.946,4030.22,30,0.892,0.897,0
APP_1466,Male,Over_50,True,689.0,28862.82,0.445,2,0.626,7106.3,44,0.629,0.795,0
APP_1467,Female,25_50,True,679.0,33717.18,0.618,0,0.767,2630.9,44,0.477,0.775,0
APP_1468,Male,Over_50,True,682.0,28606.58,0.308,1,0.971,4155.61,29,0.707,0.786,0
APP_1469,Female,25_50,True,496.0,17846.84,0.62,1,0.79,4348.2,47,0.486,0.777,1
APP_1470,Male,25_50,True,628.0,28568.52,0.159,1,0.797,4409.13,26,0.69,0.879,0
APP_1471,Female,25_50,False,718.0,42683.89,0.365,1,0.943,12510.28,78,0.578,0.604,0
APP_1472,Male,Over_50,True,646.0,35350.37,0.198,0,0.893,8269.69,78,0.758,0.68,0
APP_1473,Female,25_50,True,538.0,40517.96,0.566,0,0.514,2182.9,24,0.313,0.905,0
APP_1474,Female,25_50,True,646.0,24292.69,0.213,1,0.729,6558.94,38,0.299,0.65,0
APP_1475,Non-Binary,25_50,True,786.0,73352.42,0.318,1,0.971,5516.19,15,0.724,0.603,0
APP_1476,Male,25_50,True,750.0,17931.17,0.454,0,0.855,1526.5,38,0.619,0.886,0
APP_1477,Female,25_50,True,645.0,48656.28,0.545,3,0.555,11367.23,31,0.718,0.793,0
APP_1478,Female,25_50,True,726.0,73801.52,0.61,2,0.818,19649.08,21,0.704,0.944,0
APP_1479,Female,25_50,True,621.0,48462.46,0.054,2,0.69,8921.33,21,0.787,0.818,0
APP_1480,Female,25_50,True,514.0,32160.22,0.459,1,0.844,3931.99,55,0.716,0.888,0
APP_1481,Female,Under_25,True,576.0,26450.27,0.28,0,0.901,3645.61,18,0.614,0.81,0
APP_1482,Male,25_50,False,775.0,67619.56,0.307,2,0.715,9177.48,57,0.806,0.617,0
APP_1483,Female,Under_25,True,628.0,15463.15,0.326,0,0.931,2036.03,20,0.742,0.942,0
APP_1484,Female,25_50,True,631.0,20290.85,0.107,1,0.96,2246.75,55,0.85,0.779,0
APP_1485,Female,25_50,False,626.0,28608.68,0.377,1,0.742,5785.15,54,0.412,0.863,0
APP_1486,Male,25_50,True,802.0,76312.52,0.164,2,0.759,20993.67,29,0.442,0.818,0
APP_1487,Male,25_50,True,780.0,45609.01,0.093,1,0.719,5781.88,38,0.622,0.919,0
APP_1488,Female,25_50,True,828.0,20316.17,0.429,0,0.826,1964.04,44,0.631,0.853,0
APP_1489,Female,25_50,True,637.0,30146.24,0.439,2,0.823,7827.3,84,0.801,0.928,0
APP_1490,Male,Under_25,True,674.0,25119.66,0.491,0,0.886,5914.32,30,0.57,0.83,0
APP_1491,Female,25_50,True,529.0,23721.25,0.234,2,0.695,6706.22,90,0.725,0.853,1
APP_1492,Male,Under_25,True,768.0,65338.3,0.587,2,0.809,5970.61,50,0.602,0.579,0
APP_1493,Male,Under_25,True,557.0,15945.85,0.274,0,0.578,1372.35,71,0.569,0.601,0
APP_1494,Male,25_50,True,667.0,95346.08,0.534,2,0.785,17673.1,28,0.862,0.79,0
APP_1495,Male,25_50,True,562.0,59691.08,0.498,1,0.534,12153.61,68,0.663,0.609,0
APP_1496,Female,25_50,True,603.0,69878.76,0.196,1,0.675,11882.42,97,0.795,0.899,0
APP_1497,Male,25_50,True,583.0,27508.11,0.207,0,0.738,5494.52,45,0.782,0.789,0
APP_1498,Female,25_50,False,601.0,33191.05,0.309,4,0.904,3156.3,39,0.444,0.952,0
APP_1499,Non-Binary,Over_50,True,607.0,15369.02,0.646,2,0.623,2611.25,28,0.541,0.822,0
APP_1500,Female,25_50,True,606.0,26508.02,0.22,3,0.812,5686.58,52,0.749,0.866,0
APP_1501,Female,25_50,True,717.0,48834.53,0.328,2,0.954,7724.48,51,0.775,0.655,0
APP_1502,Male,Under_25,True,562.0,79034.35,0.333,3,0.876,17376.64,55,0.935,0.859,0
APP_1503,Female,25_50,False,668.0,18689.29,0.214,2,0.796,3042.58,36,0.863,0.819,0
APP_1504,Female,25_50,True,747.0,29164.18,0.573,0,0.833,3890.5,7,0.66,0.783,0
APP_1505,Male,25_50,True,609.0,33164.01,0.205,2,0.865,4175.39,37,0.355,0.684,0
APP_1506,Female,25_50,True,593.0,15717.44,0.341,1,0.686,2400.45,57,0.444,0.78,0
APP_1507,Female,25_50,True,632.0,51782.6,0.37,1,0.65,2888.04,70,0.844,0.933,0
APP_1508,Female,25_50,True,744.0,23519.99,0.446,3,0.602,5106.92,49,0.695,0.823,0
APP_1509,Female,25_50,True,666.0,32298.17,0.33,0,0.917,8438.75,45,0.866,0.551,0
APP_1510,Female,25_50,True,608.0,27690.1,0.17,3,0.705,3839.42,63,0.434,0.869,0
APP_1511,Male,25_50,True,689.0,22615.64,0.563,2,0.603,1391.05,47,0.639,0.834,0
APP_1512,Female,Over_50,True,562.0,36162.32,0.05,1,0.642,10729.14,37,0.515,0.723,0
APP_1513,Female,Under_25,True,705.0,31908.71,0.25,2,0.956,3699.0,27,0.494,0.836,0
APP_1514,Male,Under_25,True,683.0,29053.24,0.282,2,0.86,2372.35,28,0.198,0.836,0
APP_1515,Male,Under_25,False,625.0,23456.97,0.403,2,0.865,3341.17,44,0.484,0.937,0
APP_1516,Male,25_50,True,583.0,43989.88,0.195,0,0.639,10321.75,97,0.815,0.719,0
APP_1517,Female,Over_50,True,579.0,97945.88,0.399,1,0.754,12094.27,18,0.653,0.863,0
APP_1518,Non-Binary,Under_25,True,693.0,39495.12,0.321,0,0.497,7649.25,87,0.681,0.84,0
APP_1519,Male,Over_50,True,748.0,66017.22,0.399,1,0.719,10159.39,14,0.907,0.659,0
APP_1520,Female,Under_25,True,599.0,15770.03,0.449,3,0.864,1252.79,36,0.72,0.909,0
APP_1521,Male,Over_50,True,687.0,39920.96,0.379,1,0.778,5292.39,42,0.328,0.844,0
APP_1522,Female,25_50,True,483.0,18799.38,0.465,3,0.757,4346.75,18,0.679,0.539,1
APP_1523,Female,Under_25,True,603.0,15000.0,0.345,0,0.79,3045.01,66,0.781,0.618,0
APP_1524,Female,25_50,True,648.0,23303.93,0.165,1,0.696,1863.02,21,0.412,0.814,0
APP_1525,Male,25_50,True,577.0,74246.03,0.137,1,0.784,6743.81,46,0.663,0.862,0
APP_1526,Male,25_50,True,575.0,64216.12,0.367,4,0.807,13497.16,77,0.536,0.859,0
APP_1527,Male,25_50,False,597.0,42015.88,0.147,4,0.674,10644.88,45,0.61,0.926,0
APP_1528,Male,25_50,True,673.0,15000.0,0.05,1,0.946,2060.53,41,0.8,0.801,0
APP_1529,Female,25_50,False,635.0,32280.92,0.597,1,0.755,6418.34,28,0.678,0.728,0
APP_1530,Female,25_50,True,471.0,43521.92,0.643,3,0.946,4032.78,58,0.742,0.912,0
APP_1531,Non-Binary,25_50,True,480.0,40348.99,0.145,1,0.841,5158.38,44,0.855,0.947,0
APP_1532,Non-Binary,25_50,True,601.0,15000.0,0.215,1,0.918,826.01,11,0.595,0.845,0
APP_1533,Female,25_50,True,687.0,21286.09,0.168,2,0.453,5152.7,30,0.859,0.898,0
APP_1534,Female,25_50,True,430.0,34945.79,0.359,1,0.644,5250.69,10,0.729,0.893,0
APP_1535,Female,Under_25,True,610.0,50099.91,0.161,2,0.852,12726.95,62,0.204,0.931,0
APP_1536,Female,Under_25,True,608.0,15000.0,0.198,0,0.838,3406.4,44,0.784,0.954,0
APP_1537,Male,25_50,True,761.0,32949.31,0.423,1,0.976,8474.1,27,0.541,0.771,0
APP_1538,Male,Under_25,True,619.0,39570.11,0.102,1,0.795,4804.39,23,0.595,0.744,0
APP_1539,Male,25_50,True,681.0,60461.81,0.304,0,0.711,5821.09,26,0.657,0.898,0
APP_1540,Female,25_50,True,661.0,55034.45,0.093,1,0.659,16123.79,58,0.457,0.809,0
APP_1541,Female,Under_25,True,480.0,51510.59,0.138,1,0.634,11813.03,43,0.624,0.826,0
APP_1542,Male,25_50,True,711.0,22472.23,0.081,0,0.868,5809.31,32,0.682,0.587,0
APP_1543,Female,25_50,True,667.0,15000.0,0.264,3,0.86,799.25,59,0.41,0.907,0
APP_1544,Female,Over_50,True,691.0,28686.11,0.3,2,0.7,3976.34,58,0.579,0.588,0
APP_1545,Male,25_50,True,850.0,66235.98,0.05,2,0.752,15612.1,23,0.573,0.939,0
APP_1546,Male,25_50,True,483.0,83790.32,0.25,2,0.9,5823.07,44,0.751,0.913,0
APP_1547,Female,25_50,True,788.0,55621.74,0.079,1,0.992,10670.2,46,0.722,0.744,0
APP_1548,Female,Under_25,True,627.0,46985.98,0.654,2,0.838,7389.4,38,0.771,0.779,0
APP_1549,Female,25_50,True,673.0,45605.51,0.451,2,0.648,2481.13,39,0.806,0.964,0
APP_1550,Female,Over_50,True,646.0,26012.4,0.332,3,0.888,2835.19,79,0.79,0.843,0
APP_1551,Female,25_50,True,616.0,33589.33,0.46,1,0.808,4070.96,31,0.632,0.835,0
APP_1552,Female,25_50,True,604.0,98858.19,0.221,3,0.861,7707.48,26,0.134,0.847,0
APP_1553,Female,Over_50,False,676.0,20629.25,0.42,1,0.85,4288.5,20,0.526,0.78,0
APP_1554,Female,Under_25,True,529.0,95689.83,0.142,2,0.891,10583.24,57,0.753,0.875,0
APP_1555,Male,Under_25,False,710.0,29934.98,0.256,1,0.434,3574.38,68,0.559,0.903,0
APP_1556,Male,25_50,True,617.0,80439.39,0.128,0,0.842,22085.41,64,0.313,0.638,0
APP_1557,Male,25_50,True,560.0,15613.81,0.753,2,0.773,2604.08,43,0.51,0.595,0
APP_1558,Female,25_50,True,614.0,51613.71,0.05,2,0.68,7640.48,41,0.653,0.68,0
APP_1559,Female,Over_50,True,751.0,23340.33,0.084,0,0.66,5390.86,27,0.799,0.74,0
APP_1560,Female,25_50,True,607.0,15534.83,0.147,3,0.674,4309.41,36,0.78,0.742,0
APP_1561,Male,Under_25,True,679.0,41403.49,0.522,0,0.64,2329.32,92,0.696,0.663,0
APP_1562,Male,25_50,True,592.0,66548.29,0.241,0,0.665,10784.8,20,0.848,0.746,0
APP_1563,Male,25_50,True,711.0,21873.59,0.163,2,0.981,4433.67,34,0.696,0.756,0
APP_1564,Male,25_50,True,705.0,15000.0,0.394,4,0.389,1944.61,105,0.865,0.926,0
APP_1565,Female,25_50,True,798.0,34368.41,0.731,1,0.882,8355.03,49,0.515,0.89,0
APP_1566,Male,25_50,True,636.0,34459.46,0.198,3,0.673,10092.12,116,0.694,0.801,0
APP_1567,Male,Under_25,True,703.0,50462.8,0.424,3,0.882,14425.14,54,0.628,0.737,0
APP_1568,Female,25_50,True,658.0,64199.89,0.453,2,0.662,7479.01,37,0.686,0.766,0
APP_1569,Male,25_50,False,754.0,35043.69,0.161,1,0.817,3735.12,13,0.523,0.721,0
APP_1570,Female,25_50,True,592.0,110558.71,0.084,3,0.46,31992.67,75,0.686,0.955,0
APP_1571,Female,Under_25,True,710.0,41545.35,0.173,4,0.622,6840.74,84,0.84,0.802,0
APP_1572,Male,25_50,True,634.0,29499.96,0.349,2,0.992,3011.19,50,0.652,0.87,0
APP_1573,Female,Over_50,True,645.0,15000.0,0.269,2,0.748,3401.24,26,0.63,0.786,0
APP_1574,Female,Under_25,True,657.0,31020.52,0.219,3,0.726,3756.74,69,0.774,0.951,0
APP_1575,Female,Under_25,True,670.0,29678.19,0.138,0,0.795,3466.76,81,0.705,0.838,0
APP_1576,Male,Under_25,False,641.0,64613.77,0.147,1,0.692,17433.59,39,0.631,0.663,0
APP_1577,Female,25_50,True,667.0,47929.68,0.341,1,0.888,4343.38,59,0.485,0.655,0
APP_1578,Female,25_50,True,776.0,17896.82,0.227,1,0.662,1182.95,46,0.632,0.948,0
APP_1579,Male,25_50,True,729.0,40269.62,0.248,2,0.913,4723.49,34,0.358,0.481,0
APP_1580,Male,Under_25,True,720.0,54334.72,0.05,4,0.738,10961.29,38,0.548,0.697,0
APP_1581,Non-Binary,25_50,True,614.0,90836.71,0.18,2,0.753,7337.06,35,0.71,0.832,0
APP_1582,Female,25_50,True,579.0,61852.16,0.518,2,0.57,10384.9,20,0.869,0.879,0
APP_1583,Male,25_50,True,726.0,57325.91,0.494,0,0.956,11856.96,44,0.808,0.707,0
APP_1584,Female,Over_50,True,720.0,37648.62,0.468,4,0.792,9870.88,34,0.388,0.823,0
APP_1585,Male,Under_25,True,768.0,45843.43,0.445,2,0.615,4926.67,23,0.426,0.675,0
APP_1586,Male,25_50,True,602.0,76857.09,0.279,1,0.907,19547.57,34,0.831,0.785,0
APP_1587,Male,25_50,True,632.0,16323.05,0.46,0,0.656,1774.75,24,0.669,0.871,0
APP_1588,Male,25_50,True,519.0,29446.68,0.168,2,0.873,6454.47,23,0.667,0.694,0
APP_1589,Male,25_50,True,619.0,22844.34,0.49,4,0.794,3601.83,40,0.723,0.626,0
APP_1590,Male,25_50,True,730.0,45592.2,0.191,0,0.769,3586.75,53,0.471,0.775,0
APP_1591,Female,Over_50,True,613.0,75973.0,0.428,0,0.805,17364.83,38,0.667,0.772,0
APP_1592,Male,Under_25,True,701.0,25382.5,0.384,2,0.832,2650.97,62,0.603,0.729,0
APP_1593,Male,Under_25,True,635.0,15000.0,0.247,0,0.596,1412.34,106,0.808,0.767,0
APP_1594,Female,25_50,True,676.0,28358.09,0.05,1,0.639,3958.24,19,0.574,0.719,0
APP_1595,Male,25_50,True,558.0,62823.48,0.57,2,0.812,13401.67,63,0.624,0.855,0
APP_1596,Female,25_50,True,657.0,50140.18,0.363,1,0.683,5440.17,33,0.479,0.503,0
APP_1597,Male,Under_25,True,411.0,46953.44,0.272,1,0.923,4503.56,64,0.824,0.915,0
APP_1598,Male,Under_25,True,635.0,30699.57,0.321,0,0.925,1611.37,22,0.694,0.932,0
APP_1599,Male,Over_50,True,520.0,16858.02,0.068,0,0.942,2830.64,51,0.562,0.842,0
APP_1600,Male,Under_25,True,746.0,49472.72,0.145,0,0.987,7775.2,57,0.435,0.825,0
APP_1601,Male,25_50,True,712.0,22013.93,0.489,0,0.615,2387.78,20,0.469,0.963,0
APP_1602,Male,Under_25,True,687.0,134653.22,0.571,2,0.783,8538.77,86,0.457,0.901,0
APP_1603,Male,25_50,True,772.0,51139.08,0.122,5,0.959,8044.89,44,0.593,0.935,0
APP_1604,Male,Under_25,True,574.0,25632.36,0.32,2,0.531,6332.51,81,0.748,0.904,0
APP_1605,Male,25_50,True,790.0,25163.98,0.286,1,0.928,5758.04,24,0.809,0.747,0
APP_1606,Male,Under_25,True,725.0,34345.75,0.425,4,0.971,9108.45,48,0.47,0.935,0
APP_1607,Male,25_50,True,631.0,31454.55,0.211,0,0.956,1648.08,101,0.708,0.759,0
APP_1608,Female,Under_25,True,741.0,70976.23,0.412,1,0.929,20697.01,77,0.913,0.884,0
APP_1609,Female,25_50,True,561.0,40613.25,0.449,0,0.702,5497.13,36,0.459,0.706,0
APP_1610,Male,Over_50,True,584.0,23412.4,0.268,2,0.566,6967.52,54,0.704,0.778,0
APP_1611,Female,25_50,True,601.0,112900.75,0.418,0,0.779,12775.27,63,0.524,0.862,0
APP_1612,Female,25_50,True,608.0,37405.95,0.15,0,0.847,6279.86,97,0.571,0.82,0
APP_1613,Male,25_50,True,565.0,57601.5,0.472,4,0.721,7976.77,33,0.518,0.671,0
APP_1614,Female,25_50,True,748.0,25211.72,0.089,3,0.553,3502.92,50,0.44,0.665,0
APP_1615,Female,25_50,True,629.0,45155.59,0.468,2,0.872,11766.22,27,0.633,0.97,0
APP_1616,Male,Over_50,True,678.0,43768.34,0.469,3,0.725,10355.8,27,0.844,0.584,0
APP_1617,Male,25_50,True,604.0,15000.0,0.348,1,0.754,4470.57,22,0.438,0.758,0
APP_1618,Female,25_50,True,504.0,121681.84,0.264,1,0.941,24747.49,15,0.387,0.936,0
APP_1619,Female,25_50,True,672.0,78777.81,0.184,0,0.826,13062.48,83,0.765,0.899,0
APP_1620,Male,25_50,True,497.0,28614.9,0.411,0,0.891,2075.11,46,0.485,0.921,0
APP_1621,Male,Under_25,True,645.0,18744.17,0.06,1,0.776,5607.14,40,0.699,0.724,0
APP_1622,Male,25_50,True,541.0,44736.14,0.182,1,0.927,8405.15,42,0.762,0.84,0
APP_1623,Male,Over_50,True,809.0,38254.58,0.375,0,0.569,8611.85,37,0.765,0.808,0
APP_1624,Female,Under_25,True,723.0,44954.29,0.191,1,0.837,6818.92,47,0.696,0.93,0
APP_1625,Male,25_50,False,658.0,40739.22,0.212,2,0.824,7615.34,45,0.628,0.66,0
APP_1626,Male,Under_25,True,751.0,49204.71,0.294,0,0.847,14055.05,38,0.479,0.706,0
APP_1627,Female,25_50,True,582.0,86541.85,0.277,2,0.957,7927.65,62,0.867,0.767,0
APP_1628,Male,Under_25,True,693.0,51065.37,0.086,1,0.802,6285.8,46,0.44,0.898,0
APP_1629,Male,25_50,True,666.0,19345.34,0.234,2,0.849,1702.68,40,0.659,0.889,0
APP_1630,Female,25_50,True,671.0,82251.57,0.332,1,0.883,20402.83,51,0.583,0.622,0
APP_1631,Female,25_50,True,752.0,97184.72,0.431,2,0.756,6366.7,66,0.355,0.87,0
APP_1632,Female,25_50,True,709.0,240682.53,0.541,0,0.91,16945.95,70,0.762,0.803,0
APP_1633,Female,25_50,True,673.0,18506.99,0.362,1,0.86,2306.41,27,0.852,0.901,0
APP_1634,Male,Over_50,True,518.0,42012.78,0.05,1,0.625,7501.26,37,0.834,0.75,0
APP_1635,Male,Under_25,True,573.0,15000.0,0.681,4,0.926,2273.53,32,0.634,0.595,1
APP_1636,Female,25_50,False,640.0,50609.24,0.376,1,0.969,3097.49,26,0.678,0.929,0
APP_1637,Male,Under_25,True,657.0,26136.28,0.212,2,0.884,7563.13,26,0.452,0.791,0
APP_1638,Male,Over_50,False,560.0,115158.82,0.238,1,0.743,33190.77,35,0.752,0.972,0
APP_1639,Male,Over_50,True,843.0,22816.31,0.346,1,0.879,2734.29,32,0.545,0.78,0
APP_1640,Male,25_50,True,771.0,15000.0,0.137,1,0.761,3493.22,48,0.695,0.829,0
APP_1641,Male,25_50,True,698.0,27371.07,0.122,3,0.827,5327.61,40,0.754,0.785,0
APP_1642,Male,25_50,True,656.0,15000.0,0.26,1,0.749,1640.54,48,0.763,0.971,0
APP_1643,Male,25_50,True,633.0,56991.63,0.685,1,0.46,6584.98,35,0.713,0.677,0
APP_1644,Male,Under_25,True,574.0,15000.0,0.404,0,0.798,2591.82,41,0.475,0.752,0
APP_1645,Female,25_50,True,656.0,36940.9,0.126,1,0.964,5718.79,38,0.444,0.725,0
APP_1646,Female,Under_25,False,671.0,15000.0,0.05,1,0.702,1842.11,80,0.831,0.722,0
APP_1647,Female,25_50,True,551.0,29966.08,0.117,2,0.893,7547.79,38,0.452,0.827,0
APP_1648,Female,25_50,True,677.0,97346.0,0.333,2,0.855,16584.42,34,0.736,0.866,0
APP_1649,Female,25_50,True,638.0,45088.78,0.208,1,0.899,9636.01,42,0.509,0.95,0
APP_1650,Male,Under_25,True,497.0,21631.46,0.459,3,0.945,2105.14,18,0.656,0.735,0
APP_1651,Female,25_50,True,581.0,35641.93,0.141,0,0.809,6535.91,13,0.797,0.733,0
APP_1652,Female,25_50,True,617.0,36710.21,0.254,0,0.739,4753.75,68,0.862,0.609,0
APP_1653,Female,25_50,True,801.0,48222.37,0.507,1,0.833,8757.35,39,0.805,0.9,0
APP_1654,Male,Under_25,True,695.0,15992.66,0.138,3,0.901,3921.5,26,0.647,0.658,0
APP_1655,Male,Over_50,True,543.0,51820.46,0.18,1,0.507,12552.38,75,0.724,0.691,0
APP_1656,Male,25_50,True,689.0,15000.0,0.246,4,0.717,2078.33,56,0.735,0.966,0
APP_1657,Male,25_50,True,526.0,24886.21,0.317,0,0.895,5563.79,42,0.915,0.941,0
APP_1658,Female,25_50,True,737.0,27093.14,0.263,1,0.891,7730.28,45,0.563,0.763,0
APP_1659,Female,25_50,True,612.0,53103.39,0.062,2,0.742,10961.46,27,0.665,0.649,0
APP_1660,Male,25_50,True,643.0,36811.98,0.134,0,0.649,3206.42,40,0.785,0.834,0
APP_1661,Non-Binary,25_50,True,756.0,15625.54,0.22,0,0.872,3436.48,76,0.703,0.848,0
APP_1662,Female,Over_50,True,547.0,20110.64,0.207,0,0.725,1532.96,12,0.558,0.923,0
APP_1663,Male,25_50,True,538.0,40913.2,0.488,0,0.781,10965.87,57,0.644,0.898,0
APP_1664,Male,Over_50,True,603.0,34632.91,0.576,0,0.969,6205.01,28,0.451,0.834,0
APP_1665,Male,Over_50,True,733.0,25655.82,0.51,1,0.968,3753.07,66,0.712,0.802,0
APP_1666,Male,Under_25,True,528.0,27214.35,0.123,2,0.801,1748.57,70,0.613,0.755,0
APP_1667,Male,Over_50,True,423.0,55143.87,0.534,3,0.882,8006.67,19,0.34,0.724,0
APP_1668,Male,Under_25,True,614.0,26619.1,0.3,3,0.867,7341.59,9,0.775,0.784,0
APP_1669,Male,25_50,True,694.0,34445.9,0.203,3,0.652,1902.99,73,0.398,0.907,0
APP_1670,Male,25_50,True,746.0,133514.04,0.261,2,0.728,22518.75,41,0.476,0.847,0
APP_1671,Female,Over_50,True,613.0,15456.59,0.349,1,0.724,4370.96,37,0.839,0.864,0
APP_1672,Male,Over_50,True,617.0,15000.0,0.545,2,0.816,2230.65,48,0.69,0.888,0
APP_1673,Female,25_50,True,742.0,58113.53,0.411,1,0.737,9126.38,62,0.769,0.785,0
APP_1674,Male,25_50,True,500.0,24168.71,0.05,1,0.866,4704.2,38,0.771,0.901,0
APP_1675,Non-Binary,25_50,True,619.0,30003.14,0.585,1,0.651,4972.55,19,0.845,0.556,0
APP_1676,Male,Under_25,True,665.0,22726.94,0.05,2,0.855,2094.3,24,0.64,0.709,0
APP_1677,Male,25_50,True,686.0,31073.79,0.362,1,0.716,1697.84,30,0.686,0.582,0
APP_1678,Female,Under_25,True,609.0,94761.92,0.445,0,0.564,19184.83,28,0.651,0.679,0
APP_1679,Female,25_50,True,653.0,58763.55,0.416,0,0.819,16465.64,27,0.851,0.918,0
APP_1680,Female,25_50,True,451.0,60921.05,0.088,2,0.584,4666.01,41,0.615,0.862,0
APP_1681,Male,Over_50,True,597.0,15525.88,0.472,0,0.924,1595.1,103,0.686,0.696,0
APP_1682,Male,25_50,True,686.0,18202.38,0.337,1,0.963,2594.88,57,0.753,0.944,0
APP_1683,Female,25_50,True,571.0,15000.0,0.195,1,0.929,3782.78,45,0.653,0.909,0
APP_1684,Female,Under_25,True,655.0,22345.3,0.151,2,0.856,2621.44,74,0.526,0.843,0
APP_1685,Female,Over_50,True,686.0,64474.3,0.34,3,0.708,17441.17,54,0.586,0.727,0
APP_1686,Female,Over_50,True,623.0,49521.78,0.359,1,0.968,3156.49,40,0.691,0.823,0
APP_1687,Male,25_50,True,664.0,31795.88,0.085,1,0.737,9069.43,42,0.702,0.871,0
APP_1688,Female,25_50,True,573.0,35832.83,0.37,0,0.882,6814.93,20,0.772,0.853,0
APP_1689,Male,25_50,True,633.0,24020.64,0.448,4,0.841,5157.1,19,0.482,0.782,1
APP_1690,Male,Under_25,True,699.0,41062.7,0.077,0,0.914,5827.72,24,0.683,0.754,0
APP_1691,Male,25_50,True,663.0,57499.24,0.417,2,0.695,14115.98,50,0.827,0.766,0
APP_1692,Female,25_50,True,603.0,15000.0,0.464,0,0.745,1374.62,59,0.771,0.937,0
APP_1693,Male,Under_25,True,668.0,43468.36,0.199,0,0.681,2704.95,46,0.299,0.634,0
APP_1694,Male,25_50,False,707.0,63542.29,0.64,4,0.823,9460.13,36,0.689,0.888,0
APP_1695,Female,Under_25,True,486.0,28309.14,0.155,4,0.629,7457.3,49,0.484,0.694,0
APP_1696,Male,Under_25,True,743.0,55294.04,0.206,4,0.944,13200.44,27,0.541,0.939,0
APP_1697,Female,Under_25,True,623.0,196573.69,0.156,1,0.81,35243.5,101,0.507,0.66,0
APP_1698,Male,Over_50,True,684.0,34111.65,0.589,3,0.863,6584.72,35,0.62,0.936,0
APP_1699,Male,25_50,True,746.0,45981.03,0.234,3,0.792,3792.2,43,0.908,0.663,0
APP_1700,Female,Over_50,True,540.0,23322.31,0.213,0,0.936,6067.77,38,0.644,0.695,0
APP_1701,Male,25_50,False,593.0,40487.59,0.129,0,0.419,9989.9,51,0.619,0.867,0
APP_1702,Male,25_50,True,627.0,47866.11,0.536,3,0.616,10248.98,66,0.36,0.597,1
APP_1703,Male,25_50,True,587.0,40819.1,0.157,1,0.926,6798.33,56,0.555,0.605,0
APP_1704,Male,25_50,True,789.0,19696.24,0.173,4,0.859,5733.87,14,0.813,0.895,0
APP_1705,Non-Binary,Under_25,True,581.0,41102.21,0.05,2,0.942,11087.65,38,0.44,0.832,0
APP_1706,Male,25_50,True,606.0,87318.49,0.163,0,0.85,18433.6,28,0.552,0.852,0
APP_1707,Female,Under_25,True,666.0,47533.09,0.084,0,0.835,6794.87,38,0.395,0.86,0
APP_1708,Male,25_50,True,554.0,64679.03,0.255,1,0.832,13227.22,36,0.462,0.775,0
APP_1709,Female,25_50,True,618.0,31501.57,0.402,1,0.766,6106.9,46,0.598,0.814,0
APP_1710,Female,Under_25,True,675.0,56950.64,0.189,1,0.773,8460.61,47,0.582,0.928,0
APP_1711,Female,Under_25,True,623.0,42940.07,0.208,1,0.791,5439.15,58,0.857,0.987,0
APP_1712,Male,25_50,True,643.0,20526.12,0.108,0,0.788,3114.89,23,0.292,0.724,0
APP_1713,Male,25_50,True,608.0,43963.39,0.59,1,0.652,8505.94,54,0.807,0.633,0
APP_1714,Male,Under_25,True,529.0,20029.91,0.526,1,0.873,3145.37,72,0.419,0.875,0
APP_1715,Female,Over_50,True,676.0,24841.52,0.411,2,0.834,2878.97,31,0.792,0.77,0
APP_1716,Female,Under_25,True,790.0,40684.28,0.392,0,0.65,9774.02,18,0.639,0.914,0
APP_1717,Female,25_50,False,651.0,43405.72,0.111,3,0.853,7937.47,53,0.575,0.939,0
APP_1718,Male,Over_50,True,668.0,17791.22,0.347,3,0.835,1190.57,40,0.495,0.684,0
APP_1719,Female,Under_25,True,705.0,68349.63,0.33,0,0.656,9711.06,69,0.88,0.872,0
APP_1720,Female,Under_25,True,548.0,51185.1,0.36,2,0.829,13882.85,41,0.748,0.768,0
APP_1721,Male,Under_25,True,786.0,23793.39,0.05,5,0.624,5682.08,68,0.685,0.941,0
APP_1722,Male,25_50,True,666.0,15000.0,0.163,2,0.746,1962.18,43,0.751,0.649,0
APP_1723,Female,Under_25,True,781.0,33291.5,0.106,0,0.877,9472.95,58,0.219,0.883,0
APP_1724,Female,25_50,True,591.0,27790.06,0.155,3,0.721,1921.7,46,0.879,0.915,0
APP_1725,Female,Under_25,True,795.0,38866.36,0.193,0,0.682,11283.24,49,0.881,0.78,0
APP_1726,Male,25_50,True,712.0,29206.02,0.28,1,0.675,3254.32,41,0.592,0.924,0
APP_1727,Female,Over_50,True,694.0,15000.0,0.351,2,0.791,784.1,34,0.473,0.849,0
APP_1728,Male,25_50,True,669.0,28767.22,0.522,0,0.81,4558.22,42,0.407,0.814,0
APP_1729,Male,25_50,True,630.0,30231.16,0.136,1,0.754,4224.58,54,0.909,0.966,0
APP_1730,Male,25_50,True,746.0,53114.04,0.405,2,0.754,9814.0,58,0.412,0.979,0
APP_1731,Female,25_50,True,661.0,23886.77,0.272,1,0.803,5952.42,40,0.666,0.969,0
APP_1732,Female,25_50,True,493.0,99429.57,0.05,0,0.666,25912.11,37,0.343,0.83,0
APP_1733,Female,25_50,False,561.0,15000.0,0.295,1,0.884,2254.61,25,0.859,0.977,0
APP_1734,Male,Under_25,False,635.0,79753.87,0.501,3,0.801,12558.16,59,0.312,0.963,0
APP_1735,Female,Over_50,True,675.0,31742.4,0.486,3,0.655,2763.0,44,0.798,0.932,0
APP_1736,Male,25_50,False,645.0,60824.68,0.22,0,0.772,3764.25,65,0.463,0.679,0
APP_1737,Female,Under_25,True,748.0,38096.62,0.254,5,0.645,8011.86,46,0.668,0.868,0
APP_1738,Male,25_50,False,494.0,71950.48,0.399,4,0.926,4756.6,41,0.626,0.774,0
APP_1739,Male,25_50,True,661.0,28784.23,0.364,2,0.861,6719.89,11,0.505,0.853,0
APP_1740,Male,25_50,True,505.0,18785.26,0.304,0,0.566,3471.0,56,0.722,0.624,0
APP_1741,Male,25_50,True,711.0,85161.32,0.188,1,0.82,8485.96,10,0.636,0.773,0
APP_1742,Female,25_50,True,642.0,33925.14,0.452,0,0.8,6272.1,25,0.527,0.784,0
APP_1743,Female,Under_25,True,684.0,41478.69,0.181,1,0.816,3971.56,15,0.658,0.869,0
APP_1744,Male,25_50,True,581.0,76179.76,0.444,1,0.861,12164.71,77,0.381,0.823,0
APP_1745,Female,25_50,True,752.0,19551.88,0.112,3,0.888,4885.82,56,0.506,0.618,0
APP_1746,Male,Under_25,True,733.0,51911.44,0.376,1,0.663,8590.3,52,0.694,0.992,0
APP_1747,Female,25_50,True,697.0,25490.55,0.107,0,0.777,2222.13,45,0.788,0.979,0
APP_1748,Female,25_50,True,640.0,33546.85,0.428,1,0.874,7747.89,39,0.799,0.689,0
APP_1749,Female,Under_25,True,696.0,37925.06,0.528,2,0.981,3667.05,42,0.698,0.88,0
APP_1750,Male,25_50,True,593.0,15000.0,0.274,0,0.871,3519.56,56,0.823,0.896,0
APP_1751,Female,Under_25,True,718.0,22758.59,0.368,2,0.97,3865.27,103,0.912,0.842,0
APP_1752,Female,Under_25,True,782.0,81686.48,0.502,0,0.907,13350.47,62,0.473,0.737,0
APP_1753,Male,Under_25,True,736.0,61803.47,0.473,1,0.851,16245.58,37,0.716,0.783,0
APP_1754,Male,Over_50,True,592.0,34975.96,0.155,1,0.596,7944.82,41,0.651,0.792,0
APP_1755,Female,25_50,True,679.0,42018.87,0.223,3,0.845,2446.66,25,0.568,0.866,0
APP_1756,Female,Over_50,True,547.0,30438.22,0.563,1,0.906,3775.67,35,0.791,0.73,0
APP_1757,Female,25_50,True,696.0,81957.0,0.261,1,0.715,21942.36,28,0.865,0.862,0
APP_1758,Female,Under_25,True,686.0,32202.15,0.365,2,0.902,1757.64,73,0.677,0.914,0
APP_1759,Female,25_50,True,500.0,41735.41,0.2,4,0.728,7775.86,31,0.564,0.942,0
APP_1760,Male,25_50,True,557.0,72230.53,0.279,2,0.517,16754.33,23,0.538,0.729,0
APP_1761,Male,25_50,True,627.0,22778.61,0.585,1,0.722,4680.18,38,0.684,0.65,0
APP_1762,Male,Under_25,True,626.0,92528.64,0.219,1,0.741,22219.18,73,0.853,0.707,0
APP_1763,Female,25_50,True,553.0,15000.0,0.274,0,0.943,3471.34,35,0.419,0.808,0
APP_1764,Male,Under_25,True,681.0,96547.01,0.236,2,0.942,21530.72,27,0.512,0.62,0
APP_1765,Female,25_50,False,670.0,29038.99,0.449,2,0.765,7416.12,49,0.534,0.966,0
APP_1766,Female,25_50,True,634.0,31394.27,0.342,2,0.807,6637.46,98,0.809,0.938,0
APP_1767,Female,25_50,True,590.0,15000.0,0.189,1,0.964,2259.07,36,0.621,0.792,0
APP_1768,Male,25_50,True,734.0,27642.87,0.07,2,0.827,4643.37,80,0.802,0.427,0
APP_1769,Female,25_50,True,782.0,19459.99,0.287,2,0.811,4459.86,50,0.745,0.885,0
APP_1770,Male,25_50,True,611.0,25220.49,0.423,2,0.737,6786.24,48,0.671,0.703,0
APP_1771,Female,25_50,True,601.0,33443.52,0.254,1,0.855,3948.17,37,0.667,0.679,0
APP_1772,Male,Over_50,True,689.0,64516.42,0.367,3,0.761,8743.21,49,0.553,0.641,0
APP_1773,Male,Over_50,True,621.0,41132.84,0.271,3,0.942,11627.63,56,0.257,0.657,0
APP_1774,Female,25_50,True,639.0,43678.27,0.401,1,0.903,8501.01,30,0.572,0.677,0
APP_1775,Male,25_50,True,709.0,18820.24,0.463,3,0.68,1783.04,57,0.839,0.807,0
APP_1776,Male,25_50,True,497.0,21408.59,0.053,2,0.785,4622.62,72,0.422,0.803,0
APP_1777,Female,25_50,True,755.0,106855.74,0.222,4,0.754,31809.94,36,0.697,0.967,0
APP_1778,Female,25_50,True,656.0,23362.31,0.227,2,0.735,5977.56,33,0.765,0.802,0
APP_1779,Female,25_50,True,617.0,98098.26,0.258,3,0.933,23193.89,39,0.54,0.836,0
APP_1780,Female,Under_25,True,643.0,31387.45,0.139,1,0.696,3201.89,50,0.585,0.699,0
APP_1781,Female,Over_50,True,647.0,36365.39,0.33,3,0.527,9783.56,66,0.754,0.688,0
APP_1782,Male,25_50,False,512.0,69024.66,0.17,1,0.815,12524.33,67,0.625,0.68,0
APP_1783,Male,25_50,True,770.0,77896.43,0.285,3,0.836,21212.95,58,0.721,0.643,0
APP_1784,Male,25_50,True,653.0,33979.49,0.25,0,0.525,4500.82,57,0.604,0.745,0
APP_1785,Female,Over_50,True,685.0,28769.01,0.116,0,0.64,1884.74,60,0.771,0.621,0
APP_1786,Female,25_50,False,726.0,35117.25,0.207,1,0.81,5934.6,96,0.795,0.842,0
APP_1787,Male,25_50,True,568.0,44479.09,0.4,2,0.798,5224.49,18,0.8,0.675,0
APP_1788,Male,Under_25,False,688.0,61993.34,0.179,1,0.839,14184.53,38,0.299,0.638,0
APP_1789,Female,25_50,False,629.0,36407.79,0.343,0,0.538,10531.92,53,0.373,0.855,0
APP_1790,Male,Under_25,True,718.0,52645.28,0.278,2,0.72,11726.39,35,0.744,0.905,0
APP_1791,Female,25_50,False,480.0,97053.32,0.052,0,0.76,26372.64,81,0.745,0.962,0
APP_1792,Female,25_50,True,642.0,45651.23,0.062,3,0.882,7452.84,17,0.784,0.683,0
APP_1793,Female,25_50,True,602.0,43782.6,0.114,2,0.826,10635.24,63,0.738,0.922,0
APP_1794,Male,Under_25,True,685.0,15000.0,0.102,2,0.462,3911.41,70,0.721,0.859,0
APP_1795,Female,Under_25,True,688.0,15000.0,0.735,1,0.961,3415.78,67,0.689,0.909,0
APP_1796,Female,25_50,True,593.0,45845.18,0.385,0,0.895,8112.05,65,0.529,0.97,0
APP_1797,Female,Under_25,True,593.0,34307.03,0.232,0,0.832,7083.25,102,0.465,0.397,0
APP_1798,Female,Under_25,False,641.0,26665.62,0.238,1,0.608,6003.14,39,0.709,0.812,0
APP_1799,Female,Under_25,True,578.0,42029.13,0.204,2,0.795,4760.69,46,0.605,0.95,0
APP_1800,Female,Over_50,True,717.0,35022.91,0.419,4,0.792,8839.6,30,0.501,0.697,0
APP_1801,Male,25_50,True,620.0,71443.92,0.188,3,0.773,20545.92,30,0.539,0.793,0
APP_1802,Female,25_50,False,417.0,38241.11,0.244,3,0.756,6359.87,12,0.616,0.73,0
APP_1803,Female,25_50,False,620.0,23198.57,0.397,2,0.528,5225.87,59,0.923,0.849,0
APP_1804,Male,25_50,True,567.0,65781.88,0.221,1,0.726,15409.83,65,0.679,0.945,0
APP_1805,Female,25_50,False,519.0,31879.59,0.077,0,0.475,6872.03,40,0.832,0.727,0
APP_1806,Female,25_50,True,551.0,49807.56,0.551,2,0.879,9302.99,52,0.683,0.83,0
APP_1807,Female,Under_25,True,659.0,27270.3,0.305,0,0.952,7374.22,86,0.625,0.921,0
APP_1808,Male,Under_25,True,756.0,24590.21,0.388,4,0.877,3989.31,21,0.658,0.711,0
APP_1809,Male,Under_25,True,675.0,38196.57,0.383,2,0.764,2493.31,43,0.56,0.73,0
APP_1810,Non-Binary,25_50,True,601.0,36596.11,0.427,0,0.541,9556.67,43,0.592,0.816,0
APP_1811,Female,25_50,True,686.0,48431.04,0.124,0,0.964,10581.96,34,0.772,0.907,0
APP_1812,Male,25_50,True,613.0,30909.3,0.093,1,0.769,8107.96,71,0.634,0.931,0
APP_1813,Female,Under_25,True,594.0,15000.0,0.555,1,0.867,1269.55,15,0.776,0.846,0
APP_1814,Female,Under_25,True,558.0,28010.53,0.322,2,0.733,1615.88,48,0.721,0.778,0
APP_1815,Female,Over_50,True,510.0,58471.29,0.05,0,0.865,16582.08,68,0.395,0.811,0
APP_1816,Female,25_50,True,619.0,30381.05,0.324,0,0.94,2641.09,36,0.691,0.749,0
APP_1817,Male,25_50,True,663.0,31324.94,0.107,1,0.767,7906.83,31,0.675,0.469,0
APP_1818,Male,25_50,True,642.0,65632.48,0.174,2,0.834,16788.95,54,0.798,0.596,0
APP_1819,Male,25_50,True,617.0,23690.18,0.283,1,0.95,5381.85,35,0.872,0.902,0
APP_1820,Female,Under_25,False,574.0,15000.0,0.184,3,0.574,1242.23,28,0.688,0.929,0
APP_1821,Male,Under_25,True,699.0,32978.84,0.552,1,0.395,7151.45,42,0.824,0.78,0
APP_1822,Male,25_50,True,545.0,27159.87,0.085,1,0.78,7394.86,56,0.243,0.784,0
APP_1823,Male,25_50,True,712.0,20338.12,0.373,3,0.755,3180.53,13,0.635,0.874,0
APP_1824,Female,25_50,True,570.0,32688.31,0.27,2,0.907,5013.71,24,0.862,0.831,0
APP_1825,Female,25_50,True,590.0,48771.6,0.107,2,0.72,7838.31,13,0.801,0.962,0
APP_1826,Male,Under_25,True,533.0,36113.67,0.446,1,0.884,2548.47,49,0.675,0.738,0
APP_1827,Male,Over_50,True,610.0,43660.04,0.313,3,0.618,11919.47,73,0.955,0.808,0
APP_1828,Female,25_50,True,728.0,107801.26,0.074,2,0.732,28814.81,60,0.312,0.83,0
APP_1829,Male,25_50,True,691.0,29562.82,0.375,2,0.884,8853.39,26,0.384,0.703,0
APP_1830,Male,Over_50,True,728.0,42916.39,0.183,2,0.901,8424.31,32,0.596,0.73,0
APP_1831,Male,25_50,True,692.0,26754.88,0.537,1,0.898,6362.25,44,0.709,0.723,0
APP_1832,Male,25_50,True,562.0,21854.98,0.408,2,0.95,2200.1,27,0.584,0.951,0
APP_1833,Male,25_50,True,624.0,25566.94,0.302,1,0.825,5545.01,35,0.72,0.885,0
APP_1834,Female,25_50,True,588.0,27248.26,0.269,0,0.818,5788.43,48,0.404,0.894,0
APP_1835,Male,25_50,True,756.0,45057.08,0.543,2,0.908,12404.31,23,0.486,0.822,0
APP_1836,Female,Under_25,False,554.0,148664.22,0.221,1,0.773,38310.5,11,0.713,0.818,0
APP_1837,Male,25_50,True,721.0,23632.4,0.05,4,0.684,6726.17,54,0.768,0.662,0
APP_1838,Female,Over_50,True,721.0,28283.24,0.3,2,0.747,7557.52,14,0.533,0.923,0
APP_1839,Female,Under_25,True,796.0,34965.82,0.357,1,0.804,9341.94,29,0.629,0.864,0
APP_1840,Male,25_50,True,617.0,46049.83,0.172,0,0.951,3036.1,45,0.809,0.903,0
APP_1841,Female,25_50,True,707.0,42537.04,0.208,0,0.326,11123.03,65,0.411,0.935,0
APP_1842,Male,25_50,True,833.0,78468.89,0.271,2,0.778,15840.48,27,0.531,0.757,0
APP_1843,Female,25_50,False,601.0,15000.0,0.05,1,0.436,2176.67,42,0.879,0.815,0
APP_1844,Male,Over_50,True,527.0,15000.0,0.482,1,0.513,961.93,31,0.898,0.772,0
APP_1845,Male,Under_25,True,500.0,26969.8,0.27,2,0.704,5917.67,61,0.784,0.803,0
APP_1846,Male,Under_25,True,707.0,70149.23,0.621,0,0.899,9263.24,31,0.644,0.805,0
APP_1847,Non-Binary,Under_25,True,499.0,15000.0,0.469,4,0.814,2504.16,35,0.618,0.682,1
APP_1848,Female,Over_50,True,620.0,15000.0,0.254,1,0.775,3306.48,60,0.869,0.715,0
APP_1849,Female,25_50,True,685.0,51159.71,0.139,0,0.959,14219.52,76,0.543,0.705,0
APP_1850,Male,25_50,True,665.0,42032.33,0.343,2,0.748,10775.38,72,0.503,0.862,0
APP_1851,Female,25_50,True,684.0,18880.31,0.458,0,0.686,3070.87,59,0.624,0.658,0
APP_1852,Male,Over_50,True,668.0,20104.04,0.106,0,0.887,2954.2,107,0.709,0.938,0
APP_1853,Female,25_50,True,752.0,20295.49,0.101,0,0.728,2231.39,57,0.707,0.72,0
APP_1854,Male,Over_50,True,574.0,38805.65,0.497,0,0.882,5553.35,49,0.547,0.716,0
APP_1855,Male,25_50,True,596.0,24939.57,0.35,4,0.605,1939.34,13,0.671,0.743,0
APP_1856,Male,25_50,True,588.0,48846.52,0.307,2,0.909,14301.11,86,0.627,0.866,0
APP_1857,Male,25_50,True,716.0,15000.0,0.23,4,0.941,2902.19,43,0.38,0.61,0
APP_1858,Female,25_50,True,722.0,21717.83,0.463,1,0.737,1779.81,54,0.889,0.943,0
APP_1859,Male,25_50,True,686.0,18478.58,0.157,2,0.722,2553.77,70,0.593,0.711,0
APP_1860,Female,25_50,True,745.0,31138.35,0.153,1,0.985,5815.39,64,0.817,0.701,0
APP_1861,Male,25_50,True,556.0,26295.98,0.126,0,0.808,4817.99,20,0.773,0.878,0
APP_1862,Female,Under_25,False,783.0,58612.68,0.15,1,0.806,3450.87,16,0.632,0.63,0
APP_1863,Male,25_50,True,772.0,15000.0,0.226,2,0.83,4315.65,28,0.729,0.831,0
APP_1864,Male,Over_50,True,709.0,37320.38,0.795,2,0.89,4435.3,75,0.603,0.713,0
APP_1865,Female,Over_50,True,793.0,50767.0,0.315,2,0.947,2743.76,83,0.692,0.952,0
APP_1866,Male,Under_25,True,517.0,110634.63,0.369,1,0.799,7646.07,102,0.557,0.862,0
APP_1867,Male,Under_25,True,608.0,27199.13,0.142,1,0.773,5305.16,88,0.568,0.74,0
APP_1868,Female,Under_25,True,591.0,44120.3,0.362,2,0.642,3725.8,33,0.637,0.813,0
APP_1869,Female,25_50,True,708.0,15000.0,0.238,0,0.884,906.47,44,0.682,0.942,0
APP_1870,Male,25_50,True,566.0,15000.0,0.204,0,0.783,2173.6,27,0.639,0.619,0
APP_1871,Male,Under_25,False,711.0,60286.57,0.505,1,0.413,12400.36,22,0.411,0.801,0
APP_1872,Female,25_50,True,760.0,36194.55,0.42,2,0.939,2821.73,49,0.791,0.963,0
APP_1873,Male,25_50,True,706.0,73652.08,0.185,3,0.804,9451.92,36,0.581,0.732,0
APP_1874,Male,25_50,True,673.0,15929.98,0.345,2,0.754,2460.23,94,0.607,0.72,0
APP_1875,Male,25_50,True,571.0,49609.68,0.556,1,0.881,4458.18,58,0.747,0.685,0
APP_1876,Female,25_50,True,582.0,111445.47,0.621,2,0.879,19672.18,42,0.692,0.945,0
APP_1877,Female,25_50,True,750.0,46715.13,0.333,1,0.898,3330.95,23,0.757,0.692,0
APP_1878,Male,25_50,True,712.0,42870.92,0.466,3,0.451,2642.12,58,0.71,0.699,0
APP_1879,Male,25_50,True,647.0,36502.41,0.388,1,0.729,6568.93,28,0.602,0.804,0
APP_1880,Male,25_50,True,617.0,15000.0,0.284,0,0.466,1679.61,43,0.611,0.836,0
APP_1881,Female,Over_50,True,488.0,81907.33,0.18,1,0.567,6048.32,58,0.623,0.74,0
APP_1882,Male,25_50,True,564.0,25171.95,0.361,0,0.82,3926.27,109,0.628,0.735,0
APP_1883,Male,25_50,True,803.0,49152.84,0.262,3,0.829,13703.08,70,0.528,0.877,0
APP_1884,Female,Under_25,True,548.0,15000.0,0.371,1,0.639,3465.72,125,0.608,0.68,0
APP_1885,Male,25_50,False,665.0,17895.85,0.175,2,0.969,4543.83,14,0.716,0.662,0
APP_1886,Female,Under_25,True,731.0,85909.74,0.366,1,0.644,23021.96,38,0.521,0.662,0
APP_1887,Male,Under_25,True,550.0,29484.46,0.156,4,0.559,8643.57,21,0.828,0.803,0
APP_1888,Male,25_50,True,665.0,86852.39,0.123,0,0.751,20915.07,95,0.874,0.816,0
APP_1889,Male,Over_50,True,725.0,34650.3,0.541,0,0.665,7002.89,68,0.496,0.624,0
APP_1890,Female,Under_25,True,651.0,15000.0,0.334,2,0.802,2120.35,37,0.634,0.725,0
APP_1891,Female,25_50,True,850.0,62021.76,0.116,1,0.646,5917.55,48,0.621,0.937,0
APP_1892,Female,25_50,True,517.0,25490.59,0.283,2,0.743,5650.37,67,0.639,0.887,0
APP_1893,Male,Under_25,True,735.0,55227.33,0.32,1,0.487,16498.48,44,0.579,0.967,0
APP_1894,Female,25_50,True,636.0,36869.01,0.373,1,0.775,6151.21,69,0.786,0.548,0
APP_1895,Male,25_50,True,712.0,15000.0,0.463,0,0.691,3463.8,29,0.816,0.899,0
APP_1896,Male,25_50,True,685.0,40077.76,0.307,2,0.707,6964.44,86,0.736,0.819,0
APP_1897,Female,Under_25,True,591.0,135636.51,0.163,1,0.7,21428.31,54,0.468,0.868,0
APP_1898,Male,25_50,True,668.0,48814.95,0.113,0,0.658,7448.01,71,0.812,0.659,0
APP_1899,Male,25_50,True,501.0,35083.61,0.292,2,0.847,6180.19,33,0.59,0.536,0
APP_1900,Male,25_50,True,698.0,69231.14,0.391,2,0.849,9811.71,41,0.878,0.865,0
APP_1901,Male,Under_25,True,674.0,41208.55,0.212,1,0.908,9774.39,30,0.542,0.697,0
APP_1902,Male,25_50,True,701.0,41180.52,0.176,1,0.902,11059.77,26,0.61,0.701,0
APP_1903,Female,Under_25,True,735.0,18864.27,0.178,2,0.511,5106.96,76,0.786,0.868,0
APP_1904,Male,25_50,True,679.0,41785.67,0.185,1,0.748,4467.92,27,0.453,0.763,0
APP_1905,Female,Under_25,True,662.0,67593.43,0.287,1,0.639,18519.06,43,0.712,0.88,0
APP_1906,Female,Over_50,False,580.0,21990.43,0.244,2,0.875,2977.24,37,0.798,0.675,0
APP_1907,Male,25_50,True,593.0,85365.52,0.1,0,0.624,10869.33,50,0.525,0.844,0
APP_1908,Male,25_50,True,745.0,34371.27,0.507,3,0.842,7963.45,67,0.545,0.726,0
APP_1909,Male,Under_25,True,765.0,21318.67,0.457,2,0.838,2689.86,43,0.841,0.781,0
APP_1910,Female,25_50,True,631.0,66077.21,0.203,1,0.851,4178.83,65,0.587,0.821,0
APP_1911,Male,Over_50,True,654.0,30574.56,0.271,3,0.879,4384.53,23,0.473,0.695,0
APP_1912,Female,Over_50,True,578.0,57280.12,0.124,5,0.758,13195.42,91,0.588,0.878,0
APP_1913,Male,25_50,False,744.0,30483.62,0.213,1,0.776,4015.9,42,0.489,0.587,0
APP_1914,Female,25_50,True,703.0,35035.05,0.05,1,0.84,7265.91,48,0.745,0.703,0
APP_1915,Male,25_50,True,805.0,48831.76,0.213,2,0.866,10500.29,79,0.518,0.558,0
APP_1916,Male,Over_50,True,580.0,43240.73,0.362,2,0.89,10093.86,50,0.8,0.868,0
APP_1917,Female,25_50,True,620.0,15000.0,0.229,0,0.763,4114.24,29,0.717,0.815,0
APP_1918,Female,25_50,True,669.0,18531.99,0.238,0,0.774,2930.67,24,0.876,0.7,0
APP_1919,Male,25_50,True,702.0,63427.07,0.439,4,0.52,5810.43,48,0.45,0.922,0
APP_1920,Female,25_50,True,633.0,33547.51,0.324,1,0.898,4352.17,38,0.555,0.914,0
APP_1921,Male,Under_25,True,580.0,26522.83,0.156,0,0.655,4191.72,38,0.73,0.851,0
APP_1922,Female,25_50,True,721.0,16072.35,0.392,0,0.868,3672.1,38,0.414,0.851,0
APP_1923,Female,25_50,True,708.0,18999.32,0.233,2,0.767,1012.29,43,0.875,0.846,0
APP_1924,Male,25_50,True,577.0,15000.0,0.602,2,0.818,1934.2,49,0.545,0.882,0
APP_1925,Male,Under_25,True,758.0,34174.38,0.255,3,0.925,8371.38,13,0.567,0.83,0
APP_1926,Male,25_50,True,744.0,25360.23,0.118,1,0.84,5521.29,40,0.621,0.87,0
APP_1927,Female,25_50,False,661.0,20333.95,0.176,2,0.772,4736.49,36,0.514,0.958,0
APP_1928,Female,25_50,True,656.0,34861.07,0.229,2,0.823,8818.2,42,0.801,0.892,0
APP_1929,Male,Under_25,True,694.0,45178.76,0.477,2,0.883,11105.34,61,0.745,0.798,0
APP_1930,Male,25_50,True,581.0,127506.01,0.201,0,0.736,28120.91,54,0.527,0.87,0
APP_1931,Female,25_50,True,652.0,15000.0,0.105,1,0.943,2398.73,30,0.628,0.874,0
APP_1932,Non-Binary,25_50,True,478.0,72811.46,0.137,2,0.868,21544.88,39,0.708,0.865,0
APP_1933,Female,25_50,True,720.0,65111.79,0.07,0,0.696,12518.93,28,0.717,0.974,0
APP_1934,Male,25_50,True,525.0,22755.1,0.33,0,0.887,2291.26,97,0.594,0.723,0
APP_1935,Male,25_50,True,770.0,41025.19,0.221,3,0.631,5054.44,31,0.331,0.713,0
APP_1936,Male,25_50,True,624.0,27595.83,0.387,2,0.725,6164.65,31,0.608,0.939,0
APP_1937,Female,25_50,True,633.0,40595.53,0.415,2,0.854,11414.85,49,0.862,0.633,0
APP_1938,Male,25_50,False,600.0,89812.43,0.251,1,0.569,8503.44,44,0.657,0.88,0
APP_1939,Female,Under_25,True,627.0,52227.46,0.474,1,0.771,3686.56,33,0.604,0.884,0
APP_1940,Male,Under_25,True,763.0,49274.65,0.057,0,0.867,13323.02,9,0.594,0.605,0
APP_1941,Female,25_50,True,451.0,28051.98,0.385,3,0.845,7821.44,60,0.567,0.749,0
APP_1942,Female,25_50,True,752.0,15000.0,0.487,1,0.766,1786.42,45,0.692,0.891,0
APP_1943,Female,25_50,True,677.0,32045.73,0.263,0,0.857,4624.88,44,0.735,0.921,0
APP_1944,Male,25_50,True,553.0,74904.17,0.188,3,0.94,16107.92,29,0.375,0.872,0
APP_1945,Male,25_50,True,564.0,15000.0,0.549,1,0.735,1987.24,59,0.53,0.754,0
APP_1946,Male,25_50,True,784.0,19282.37,0.144,2,0.927,5192.54,16,0.462,0.97,0
APP_1947,Female,Under_25,True,574.0,39173.69,0.287,1,0.833,3012.25,39,0.505,0.884,0
APP_1948,Female,25_50,True,558.0,20114.72,0.174,0,0.838,1196.74,26,0.836,0.764,0
APP_1949,Female,25_50,False,741.0,22572.46,0.163,2,0.937,2305.13,23,0.783,0.873,0
APP_1950,Female,Under_25,True,677.0,28165.15,0.104,0,0.693,3422.68,39,0.723,0.747,0
APP_1951,Female,Under_25,True,575.0,16004.57,0.519,1,0.795,1252.06,28,0.63,0.984,0
APP_1952,Male,25_50,True,667.0,20242.24,0.141,1,0.873,1344.54,49,0.399,0.86,0
APP_1953,Female,25_50,True,568.0,55384.59,0.194,1,0.6,13231.49,11,0.515,0.711,0
APP_1954,Male,Over_50,False,738.0,16573.8,0.371,1,0.515,1509.36,39,0.781,0.677,0
APP_1955,Male,Over_50,True,735.0,15000.0,0.267,1,0.889,4177.21,11,0.523,0.825,0
APP_1956,Female,25_50,True,693.0,24884.12,0.182,0,0.761,3533.54,80,0.335,0.796,0
APP_1957,Male,25_50,True,679.0,56340.75,0.173,5,0.921,12262.65,48,0.532,0.809,0
APP_1958,Male,25_50,True,791.0,32268.5,0.275,0,0.829,3431.77,59,0.478,0.913,0
APP_1959,Female,25_50,True,650.0,27481.03,0.181,0,0.716,3025.13,64,0.55,0.874,0
APP_1960,Male,Under_25,True,555.0,37295.03,0.391,3,0.733,7223.2,43,0.455,0.906,0
APP_1961,Female,25_50,True,686.0,15000.0,0.379,1,0.746,2852.41,34,0.486,0.746,0
APP_1962,Male,25_50,True,817.0,48865.33,0.297,3,0.647,11834.32,42,0.611,0.945,0
APP_1963,Male,25_50,False,569.0,45709.48,0.353,2,0.785,10945.29,39,0.648,0.818,0
APP_1964,Male,25_50,True,621.0,28407.68,0.194,2,0.506,6183.56,60,0.748,0.966,0
APP_1965,Male,25_50,True,683.0,66406.8,0.268,1,0.895,10776.67,44,0.595,0.528,0
APP_1966,Female,Under_25,True,646.0,18462.6,0.182,2,0.933,5034.01,27,0.633,0.737,0
APP_1967,Male,25_50,True,571.0,71449.44,0.526,0,0.837,14693.19,58,0.867,0.964,0
APP_1968,Female,25_50,False,740.0,39842.77,0.125,1,0.828,11855.2,29,0.748,0.738,0
APP_1969,Male,Under_25,True,836.0,29675.24,0.251,0,0.625,7562.51,58,0.63,0.598,0
APP_1970,Female,Under_25,True,666.0,35885.04,0.286,1,0.785,2191.77,19,0.75,0.812,0
APP_1971,Female,25_50,True,578.0,34051.9,0.262,0,0.831,4431.8,37,0.626,0.916,0
APP_1972,Female,25_50,True,526.0,75521.28,0.487,1,0.782,14573.26,58,0.681,0.773,0
APP_1973,Male,25_50,True,671.0,19034.2,0.217,1,0.863,4384.86,36,0.597,0.58,0
APP_1974,Male,25_50,True,738.0,22982.5,0.281,3,0.843,4311.15,46,0.474,0.735,0
APP_1975,Male,Over_50,True,688.0,67628.29,0.347,0,0.949,16672.58,64,0.668,0.58,0
APP_1976,Female,25_50,True,650.0,25404.43,0.294,0,0.94,3065.4,30,0.919,0.533,0
APP_1977,Male,25_50,True,603.0,62337.59,0.311,2,0.895,5983.04,23,0.812,0.777,0
APP_1978,Female,Over_50,True,563.0,100675.89,0.167,1,0.586,6390.82,30,0.485,0.907,0
APP_1979,Female,25_50,False,717.0,28536.04,0.104,4,0.832,5516.83,100,0.444,0.847,0
APP_1980,Male,Under_25,True,723.0,54656.17,0.197,0,0.763,12141.86,15,0.448,0.881,0
APP_1981,Female,25_50,True,526.0,18174.68,0.387,1,0.616,2390.65,74,0.468,0.666,0
APP_1982,Male,25_50,True,777.0,57116.02,0.289,2,0.889,11617.17,74,0.492,0.876,0
APP_1983,Male,25_50,True,696.0,40931.47,0.256,4,0.941,2580.29,30,0.684,0.85,0
APP_1984,Female,Under_25,True,762.0,48234.17,0.224,3,0.77,3609.04,52,0.441,0.656,0
APP_1985,Female,Under_25,False,543.0,24653.07,0.601,1,0.869,5557.76,69,0.28,0.8,0
APP_1986,Female,25_50,True,541.0,15000.0,0.571,1,0.971,2130.26,26,0.536,0.522,0
APP_1987,Male,25_50,True,638.0,49116.55,0.257,2,0.743,10699.23,15,0.616,0.819,0
APP_1988,Male,25_50,True,690.0,15000.0,0.083,0,0.884,3868.95,24,0.66,0.527,0
APP_1989,Female,25_50,True,794.0,30019.12,0.756,1,0.665,7899.7,37,0.825,0.773,0
APP_1990,Female,25_50,True,706.0,63876.65,0.82,0,0.781,5943.21,37,0.842,0.942,0
APP_1991,Female,Under_25,True,631.0,40747.05,0.485,1,0.701,6991.03,44,0.49,0.893,0
APP_1992,Male,25_50,True,568.0,116891.99,0.235,0,0.963,27292.14,37,0.593,0.957,0
APP_1993,Female,Under_25,True,748.0,67175.61,0.569,4,0.489,16356.93,39,0.447,0.846,0
APP_1994,Male,25_50,True,573.0,24530.22,0.444,1,0.696,6038.58,24,0.277,0.88,0
APP_1995,Male,25_50,True,780.0,36915.55,0.274,5,0.504,3951.51,28,0.694,0.549,0
APP_1996,Female,Over_50,True,627.0,35297.86,0.315,1,0.47,3463.91,58,0.498,0.826,0
APP_1997,Male,Under_25,True,777.0,15000.0,0.116,0,0.717,2962.55,34,0.562,0.819,0
APP_1998,Female,Under_25,True,704.0,20655.99,0.465,2,0.838,4859.76,16,0.635,0.588,0
APP_1999,Male,25_50,True,639.0,25940.05,0.431,1,0.754,3366.63,49,0.53,0.747,0
